X,Y,Z
-1490.0,50.0,260.0
-1490.0,50.91362126245847,261.7940199335548
-1490.0,51.82724252491694,263.5880398671096
-1490.0,52.74086378737542,265.3820598006645
-1490.0,53.65448504983389,267.1760797342193
-1490.0,54.56810631229236,268.9700996677741
-1490.0,55.48172757475083,270.7641196013289
-1490.0,56.395348837209305,272.5581395348837
-1490.0,57.308970099667775,274.3521594684385
-1490.0,58.222591362126245,276.1461794019934
-1490.0,59.136212624584715,277.9401993355482
-1490.0,60.04983388704319,279.734219269103
-1490.0,60.96345514950166,281.5282392026578
-1490.0,61.87707641196013,283.3222591362126
-1490.0,62.7906976744186,285.1162790697674
-1490.0,63.70431893687707,286.9102990033223
-1490.0,64.61794019933555,288.7043189368771
-1490.0,65.53156146179401,290.4983388704319
-1490.0,66.44518272425249,292.2923588039867
-1490.0,67.35880398671097,294.0863787375415
-1490.0,68.27242524916943,295.8803986710964
-1490.0,69.18604651162791,297.6744186046512
-1490.0,70.09966777408638,299.468438538206
-1490.0,71.01328903654485,301.2624584717608
-1490.0,71.92691029900332,303.0564784053156
-1490.0,72.8405315614618,304.8504983388704
-1490.0,73.75415282392026,306.6445182724252
-1490.0,74.66777408637874,308.4385382059801
-1490.0,75.5813953488372,310.2325581395349
-1490.0,76.49501661129568,312.0265780730897
-1490.0,77.40863787375415,313.8205980066445
-1490.0,78.32225913621262,315.6146179401993
-1490.0,79.2358803986711,317.4086378737542
-1490.0,80.14950166112956,319.202657807309
-1490.0,81.06312292358804,320.9966777408638
-1490.0,81.97674418604652,322.7906976744186
-1490.0,82.89036544850498,324.5847176079734
-1490.0,83.80398671096346,326.37873754152827
-1490.0,84.71760797342193,328.1727574750831
-1490.0,85.6312292358804,329.9667774086379
-1490.0,86.54485049833887,331.7607973421927
-1490.0,87.45847176079735,333.5548172757475
-1490.0,88.37209302325581,335.34883720930236
-1490.0,89.28571428571428,337.1428571428571
-1490.0,90.19933554817277,338.936877076412
-1490.0,91.11295681063123,340.7308970099668
-1490.0,92.0265780730897,342.5249169435216
-1490.0,92.94019933554817,344.3189368770764
-1490.0,93.85382059800665,346.1129568106312
-1490.0,94.76744186046511,347.90697674418607
-1490.0,95.68106312292359,349.7009966777409
-1490.0,96.59468438538207,351.4950166112957
-1490.0,97.50830564784053,353.2890365448505
-1490.0,98.421926910299,355.0830564784053
-1490.0,99.33554817275748,356.87707641196016
-1490.0,100.24916943521595,358.67109634551497
-1490.0,101.16279069767441,360.4651162790698
-1490.0,102.07641196013289,362.2591362126246
-1490.0,102.99003322259136,364.0531561461794
-1490.0,103.90365448504983,365.84717607973425
-1490.0,104.8172757475083,367.641196013289
-1490.0,105.73089700996678,369.43521594684387
-1490.0,106.64451827242524,371.2292358803987
-1490.0,107.55813953488372,373.0232558139535
-1490.0,108.4717607973422,374.8172757475083
-1490.0,109.38538205980066,376.6112956810631
-1490.0,110.29900332225913,378.40531561461796
-1490.0,111.21262458471762,380.19933554817277
-1490.0,112.12624584717608,381.9933554817276
-1490.0,113.03986710963454,383.7873754152824
-1490.0,113.95348837209302,385.5813953488372
-1490.0,114.8671096345515,387.37541528239205
-1490.0,115.78073089700997,389.16943521594686
-1490.0,116.69435215946844,390.96345514950167
-1490.0,117.60797342192691,392.7574750830565
-1490.0,118.52159468438538,394.5514950166113
-1490.0,119.43521594684385,396.34551495016615
-1490.0,120.34883720930233,398.1395348837209
-1490.0,121.26245847176081,399.93355481727576
-1490.0,122.17607973421927,401.72757475083057
-1490.0,123.08970099667775,403.5215946843854
-1490.0,124.00332225913621,405.3156146179402
-1490.0,124.91694352159469,407.109634551495
-1490.0,125.83056478405317,408.90365448504986
-1490.0,126.74418604651163,410.69767441860466
-1490.0,127.6578073089701,412.49169435215947
-1490.0,128.57142857142856,414.2857142857143
-1490.0,129.48504983388705,416.0797342192691
-1490.0,130.39867109634554,417.87375415282395
-1490.0,131.31229235880397,419.6677740863787
-1490.0,132.22591362126246,421.46179401993356
-1490.0,133.13953488372093,423.25581395348837
-1490.0,134.0531561461794,425.0498338870432
-1490.0,134.96677740863788,426.84385382059804
-1490.0,135.88039867109634,428.6378737541528
-1490.0,136.7940199335548,430.43189368770766
-1490.0,137.7076411960133,432.2259136212624
-1490.0,138.62126245847176,434.01993355481727
-1490.0,139.53488372093022,435.81395348837214
-1490.0,140.44850498338872,437.6079734219269
-1490.0,141.36212624584718,439.40199335548175
-1490.0,142.27574750830564,441.19601328903656
-1490.0,143.18936877076413,442.99003322259136
-1490.0,144.1029900332226,444.78405315614623
-1490.0,145.01661129568106,446.578073089701
-1490.0,145.93023255813955,448.37209302325584
-1490.0,146.843853820598,450.16611295681065
-1490.0,147.75747508305648,451.96013289036546
-1490.0,148.67109634551497,453.75415282392026
-1490.0,149.5847176079734,455.5481727574751
-1490.0,150.4983388704319,457.34219269102994
-1490.0,151.41196013289039,459.13621262458474
-1490.0,152.32558139534882,460.93023255813955
-1490.0,153.2392026578073,462.72425249169436
-1490.0,154.15282392026577,464.51827242524917
-1490.0,155.06644518272424,466.31229235880403
-1490.0,155.98006644518273,468.1063122923588
-1490.0,156.8936877076412,469.90033222591364
-1490.0,157.80730897009965,471.69435215946845
-1490.0,158.72093023255815,473.48837209302326
-1490.0,159.6345514950166,475.28239202657807
-1490.0,160.54817275747507,477.0764119601329
-1490.0,161.46179401993356,478.87043189368774
-1490.0,162.37541528239203,480.66445182724254
-1490.0,163.2890365448505,482.45847176079735
-1490.0,164.20265780730898,484.25249169435216
-1490.0,165.11627906976744,486.04651162790697
-1490.0,166.0299003322259,487.8405315614618
-1490.0,166.9435215946844,489.6345514950166
-1490.0,167.85714285714286,491.42857142857144
-1490.0,168.77076411960132,493.22259136212625
-1490.0,169.68438538205982,495.01661129568106
-1490.0,170.59800664451825,496.81063122923587
-1490.0,171.51162790697674,498.6046511627907
-1490.0,172.42524916943523,500.39867109634554
-1490.0,173.33887043189367,502.1926910299003
-1490.0,174.25249169435216,503.98671096345515
-1490.0,175.16611295681062,505.78073089700996
-1490.0,176.07973421926908,507.57475083056477
-1490.0,176.99335548172758,509.36877076411963
-1490.0,177.90697674418604,511.1627906976744
-1490.0,178.82059800664453,512.9568106312292
-1490.0,179.734219269103,514.7508305647841
-1490.0,180.64784053156146,516.5448504983389
-1490.0,181.56146179401995,518.3388704318937
-1490.0,182.4750830564784,520.1328903654485
-1490.0,183.38870431893687,521.9269102990033
-1490.0,184.30232558139537,523.7209302325582
-1490.0,185.21594684385383,525.514950166113
-1490.0,186.1295681063123,527.3089700996677
-1490.0,187.04318936877075,529.1029900332226
-1490.0,187.95681063122925,530.8970099667774
-1490.0,188.8704318936877,532.6910299003323
-1490.0,189.78405315614617,534.485049833887
-1490.0,190.69767441860466,536.2790697674418
-1490.0,191.61129568106313,538.0730897009967
-1490.0,192.52491694352162,539.8671096345515
-1490.0,193.43853820598005,541.6611295681063
-1490.0,194.35215946843854,543.4551495016611
-1490.0,195.265780730897,545.2491694352159
-1490.0,196.1794019933555,547.0431893687708
-1490.0,197.09302325581396,548.8372093023256
-1490.0,198.00664451827242,550.6312292358804
-1490.0,198.9202657807309,552.4252491694352
-1490.0,199.83388704318938,554.21926910299
-1490.0,200.74750830564784,556.0132890365448
-1490.0,201.66112956810633,557.8073089700997
-1490.0,202.57475083056477,559.6013289036545
-1490.0,203.48837209302326,561.3953488372093
-1490.0,204.40199335548172,563.1893687707641
-1490.0,205.3156146179402,564.9833887043189
-1490.0,206.22923588039868,566.7774086378738
-1490.0,207.14285714285714,568.5714285714286
-1490.0,208.0564784053156,570.3654485049833
-1490.0,208.9700996677741,572.1594684385382
-1490.0,209.88372093023256,573.953488372093
-1490.0,210.79734219269105,575.7475083056479
-1490.0,211.71096345514948,577.5415282392026
-1490.0,212.62458471760797,579.3355481727574
-1490.0,213.53820598006644,581.1295681063123
-1490.0,214.45182724252493,582.9235880398671
-1490.0,215.3654485049834,584.717607973422
-1490.0,216.27906976744185,586.5116279069767
-1490.0,217.19269102990032,588.3056478405315
-1490.0,218.1063122923588,590.0996677740864
-1490.0,219.01993355481727,591.8936877076412
-1490.0,219.93355481727576,593.6877076411961
-1490.0,220.8471760797342,595.4817275747508
-1490.0,221.7607973421927,597.2757475083056
-1490.0,222.67441860465115,599.0697674418604
-1490.0,223.58803986710964,600.8637873754153
-1490.0,224.5016611295681,602.6578073089702
-1490.0,225.41528239202657,604.4518272425248
-1490.0,226.32890365448503,606.2458471760797
-1490.0,227.24252491694352,608.0398671096345
-1490.0,228.156146179402,609.8338870431894
-1490.0,229.06976744186048,611.6279069767443
-1490.0,229.98338870431897,613.421926910299
-1490.0,230.8970099667774,615.2159468438538
-1490.0,231.81063122923587,617.0099667774086
-1490.0,232.72425249169436,618.8039867109635
-1490.0,233.63787375415285,620.5980066445184
-1490.0,234.5514950166113,622.3920265780731
-1490.0,235.46511627906975,624.1860465116279
-1490.0,236.37873754152824,625.9800664451827
-1490.0,237.29235880398673,627.7740863787376
-1490.0,238.2059800664452,629.5681063122925
-1490.0,239.11960132890368,631.3621262458472
-1490.0,240.03322259136212,633.156146179402
-1490.0,240.9468438538206,634.9501661129568
-1490.0,241.86046511627907,636.7441860465117
-1490.0,242.77408637873756,638.5382059800666
-1490.0,243.68770764119603,640.3322259136213
-1490.0,244.6013289036545,642.126245847176
-1490.0,245.51495016611295,643.9202657807309
-1490.0,246.42857142857144,645.7142857142858
-1490.0,247.3421926910299,647.5083056478405
-1490.0,248.2558139534884,649.3023255813954
-1490.0,249.16943521594683,651.0963455149501
-1490.0,250.08305647840533,652.890365448505
-1490.0,250.9966777408638,654.6843853820599
-1490.0,251.91029900332228,656.4784053156146
-1490.0,252.82392026578074,658.2724252491695
-1490.0,253.7375415282392,660.0664451827242
-1490.0,254.65116279069767,661.8604651162791
-1490.0,255.56478405315616,663.654485049834
-1490.0,256.4784053156146,665.4485049833887
-1490.0,257.3920265780731,667.2425249169435
-1490.0,258.30564784053155,669.0365448504983
-1490.0,259.21926910299004,670.8305647840532
-1490.0,260.1328903654485,672.6245847176081
-1490.0,261.04651162790697,674.4186046511628
-1490.0,261.96013289036546,676.2126245847176
-1490.0,262.87375415282395,678.0066445182724
-1490.0,263.7873754152824,679.8006644518273
-1490.0,264.7009966777409,681.594684385382
-1490.0,265.6146179401993,683.3887043189369
-1490.0,266.5282392026578,685.1827242524917
-1490.0,267.4418604651163,686.9767441860465
-1490.0,268.3554817275748,688.7707641196014
-1490.0,269.2691029900332,690.5647840531561
-1490.0,270.1827242524917,692.358803986711
-1490.0,271.09634551495014,694.1528239202657
-1490.0,272.00996677740864,695.9468438538206
-1490.0,272.9235880398671,697.7408637873755
-1490.0,273.8372093023256,699.5348837209302
-1490.0,274.75083056478405,701.3289036544851
-1490.0,275.66445182724254,703.1229235880398
-1490.0,276.578073089701,704.9169435215947
-1490.0,277.49169435215947,706.7109634551496
-1490.0,278.40531561461796,708.5049833887043
-1490.0,279.31893687707645,710.2990033222591
-1490.0,280.2325581395349,712.0930232558139
-1490.0,281.1461794019934,713.8870431893688
-1490.0,282.0598006644518,715.6810631229235
-1490.0,282.9734219269103,717.4750830564784
-1490.0,283.8870431893688,719.2691029900332
-1490.0,284.8006644518273,721.063122923588
-1490.0,285.7142857142857,722.8571428571429
-1490.0,286.62790697674416,724.6511627906976
-1490.0,287.54152823920265,726.4451827242525
-1490.0,288.45514950166114,728.2392026578073
-1490.0,289.36877076411963,730.0332225913621
-1490.0,290.2823920265781,731.827242524917
-1490.0,291.1960132890365,733.6212624584717
-1490.0,292.109634551495,735.4152823920266
-1490.0,293.0232558139535,737.2093023255813
-1490.0,293.936877076412,739.0033222591362
-1490.0,294.85049833887047,740.7973421926911
-1490.0,295.7641196013289,742.5913621262458
-1490.0,296.67774086378734,744.3853820598006
-1490.0,297.5913621262458,746.1794019933554
-1490.0,298.5049833887043,747.9734219269103
-1490.0,299.4186046511628,749.7674418604652
-1490.0,300.33222591362124,751.5614617940199
-1490.0,301.24584717607974,753.3554817275747
-1490.0,302.15946843853817,755.1495016611295
-1490.0,303.07308970099666,756.9435215946844
-1490.0,303.98671096345515,758.7375415282393
-1490.0,304.90033222591364,760.5315614617941
-1490.0,305.8139534883721,762.3255813953488
-1490.0,306.72757475083057,764.1196013289036
-1490.0,307.64119601328906,765.9136212624585
-1490.0,308.5548172757475,767.7076411960134
-1490.0,309.468438538206,769.5016611295682
-1490.0,310.3820598006644,771.2956810631229
-1490.0,311.2956810631229,773.0897009966777
-1490.0,312.2093023255814,774.8837209302326
-1490.0,313.1229235880399,776.6777408637874
-1490.0,314.03654485049833,778.4717607973422
-1490.0,314.9501661129568,780.265780730897
-1490.0,315.86378737541526,782.0598006644518
-1490.0,316.77740863787375,783.8538205980067
-1490.0,317.69102990033224,785.6478405315615
-1490.0,318.60465116279073,787.4418604651163
-1490.0,319.51827242524917,789.235880398671
-1490.0,320.43189368770766,791.0299003322259
-1490.0,321.3455149501661,792.8239202657808
-1490.0,322.2591362126246,794.6179401993355
-1490.0,323.1727574750831,796.4119601328904
-1490.0,324.0863787375415,798.2059800664451
-1490.0,325.0,800.0
-1490.0,325.0,800.0
-1487.999185004075,325.0,800.0
-1485.99837000815,325.0,800.0
-1483.997555012225,325.0,800.0
-1481.9967400163,325.0,800.0
-1479.995925020375,325.0,800.0
-1477.9951100244498,325.0,800.0
-1475.994295028525,325.0,800.0
-1473.9934800325998,325.0,800.0
-1471.992665036675,325.0,800.0
-1469.9918500407498,325.0,800.0
-1467.9910350448247,325.0,800.0
-1465.9902200488998,325.0,800.0
-1463.9894050529747,325.0,800.0
-1461.9885900570498,325.0,800.0
-1459.9877750611247,325.0,800.0
-1457.9869600651996,325.0,800.0
-1455.9861450692747,325.0,800.0
-1453.9853300733496,325.0,800.0
-1451.9845150774247,325.0,800.0
-1449.9837000814996,325.0,800.0
-1447.9828850855745,325.0,800.0
-1445.9820700896496,325.0,800.0
-1443.9812550937245,325.0,800.0
-1441.9804400977996,325.0,800.0
-1439.9796251018745,325.0,800.0
-1437.9788101059494,325.0,800.0
-1435.9779951100245,325.0,800.0
-1433.9771801140994,325.0,800.0
-1431.9763651181745,325.0,800.0
-1429.9755501222494,325.0,800.0
-1427.9747351263243,325.0,800.0
-1425.9739201303994,325.0,800.0
-1423.9731051344743,325.0,800.0
-1421.9722901385494,325.0,800.0
-1419.9714751426243,325.0,800.0
-1417.9706601466992,325.0,800.0
-1415.9698451507743,325.0,800.0
-1413.9690301548492,325.0,800.0
-1411.9682151589243,325.0,800.0
-1409.9674001629992,325.0,800.0
-1407.966585167074,325.0,800.0
-1405.9657701711492,325.0,800.0
-1403.964955175224,325.0,800.0
-1401.9641401792992,325.0,800.0
-1399.963325183374,325.0,800.0
-1397.962510187449,325.0,800.0
-1395.961695191524,325.0,800.0
-1393.960880195599,325.0,800.0
-1391.960065199674,325.0,800.0
-1389.959250203749,325.0,800.0
-1387.9584352078239,325.0,800.0
-1385.957620211899,325.0,800.0
-1383.9568052159739,325.0,800.0
-1381.955990220049,325.0,800.0
-1379.9551752241239,325.0,800.0
-1377.9543602281988,325.0,800.0
-1375.9535452322739,325.0,800.0
-1373.9527302363488,325.0,800.0
-1371.951915240424,325.0,800.0
-1369.9511002444988,325.0,800.0
-1367.9502852485737,325.0,800.0
-1365.9494702526488,325.0,800.0
-1363.9486552567237,325.0,800.0
-1361.9478402607988,325.0,800.0
-1359.9470252648737,325.0,800.0
-1357.9462102689486,325.0,800.0
-1355.9453952730237,325.0,800.0
-1353.9445802770986,325.0,800.0
-1351.9437652811737,325.0,800.0
-1349.9429502852486,325.0,800.0
-1347.9421352893237,325.0,800.0
-1345.9413202933986,325.0,800.0
-1343.9405052974735,325.0,800.0
-1341.9396903015486,325.0,800.0
-1339.9388753056235,325.0,800.0
-1337.9380603096984,325.0,800.0
-1335.9372453137735,325.0,800.0
-1333.9364303178484,325.0,800.0
-1331.9356153219235,325.0,800.0
-1329.9348003259984,325.0,800.0
-1327.9339853300733,325.0,800.0
-1325.9331703341484,325.0,800.0
-1323.9323553382233,325.0,800.0
-1321.9315403422984,325.0,800.0
-1319.9307253463733,325.0,800.0
-1317.9299103504482,325.0,800.0
-1315.9290953545233,325.0,800.0
-1313.9282803585982,325.0,800.0
-1311.9274653626733,325.0,800.0
-1309.9266503667482,325.0,800.0
-1307.9258353708233,325.0,800.0
-1305.9250203748982,325.0,800.0
-1303.924205378973,325.0,800.0
-1301.9233903830482,325.0,800.0
-1299.922575387123,325.0,800.0
-1297.921760391198,325.0,800.0
-1295.920945395273,325.0,800.0
-1293.920130399348,325.0,800.0
-1291.919315403423,325.0,800.0
-1289.918500407498,325.0,800.0
-1287.917685411573,325.0,800.0
-1285.916870415648,325.0,800.0
-1283.9160554197229,325.0,800.0
-1281.915240423798,325.0,800.0
-1279.9144254278729,325.0,800.0
-1277.9136104319477,325.0,800.0
-1275.9127954360229,325.0,800.0
-1273.9119804400978,325.0,800.0
-1271.9111654441729,325.0,800.0
-1269.9103504482478,325.0,800.0
-1267.9095354523226,325.0,800.0
-1265.9087204563978,325.0,800.0
-1263.9079054604726,325.0,800.0
-1261.9070904645478,325.0,800.0
-1259.9062754686227,325.0,800.0
-1257.9054604726975,325.0,800.0
-1255.9046454767727,325.0,800.0
-1253.9038304808475,325.0,800.0
-1251.9030154849227,325.0,800.0
-1249.9022004889976,325.0,800.0
-1247.9013854930727,325.0,800.0
-1245.9005704971476,325.0,800.0
-1243.8997555012224,325.0,800.0
-1241.8989405052976,325.0,800.0
-1239.8981255093724,325.0,800.0
-1237.8973105134473,325.0,800.0
-1235.8964955175225,325.0,800.0
-1233.8956805215973,325.0,800.0
-1231.8948655256725,325.0,800.0
-1229.8940505297473,325.0,800.0
-1227.8932355338225,325.0,800.0
-1225.8924205378974,325.0,800.0
-1223.8916055419722,325.0,800.0
-1221.8907905460474,325.0,800.0
-1219.8899755501222,325.0,800.0
-1217.8891605541971,325.0,800.0
-1215.8883455582722,325.0,800.0
-1213.8875305623471,325.0,800.0
-1211.8867155664223,325.0,800.0
-1209.8859005704971,325.0,800.0
-1207.8850855745723,325.0,800.0
-1205.8842705786471,325.0,800.0
-1203.883455582722,325.0,800.0
-1201.8826405867972,325.0,800.0
-1199.881825590872,325.0,800.0
-1197.881010594947,325.0,800.0
-1195.880195599022,325.0,800.0
-1193.879380603097,325.0,800.0
-1191.878565607172,325.0,800.0
-1189.877750611247,325.0,800.0
-1187.876935615322,325.0,800.0
-1185.876120619397,325.0,800.0
-1183.8753056234718,325.0,800.0
-1181.874490627547,325.0,800.0
-1179.8736756316218,325.0,800.0
-1177.8728606356967,325.0,800.0
-1175.8720456397718,325.0,800.0
-1173.871230643847,325.0,800.0
-1171.8704156479218,325.0,800.0
-1169.8696006519967,325.0,800.0
-1167.8687856560719,325.0,800.0
-1165.8679706601467,325.0,800.0
-1163.8671556642216,325.0,800.0
-1161.8663406682967,325.0,800.0
-1159.8655256723716,325.0,800.0
-1157.8647106764465,325.0,800.0
-1155.8638956805216,325.0,800.0
-1153.8630806845965,325.0,800.0
-1151.8622656886716,325.0,800.0
-1149.8614506927465,325.0,800.0
-1147.8606356968216,325.0,800.0
-1145.8598207008965,325.0,800.0
-1143.8590057049714,325.0,800.0
-1141.8581907090465,325.0,800.0
-1139.8573757131214,325.0,800.0
-1137.8565607171963,325.0,800.0
-1135.8557457212714,325.0,800.0
-1133.8549307253463,325.0,800.0
-1131.8541157294212,325.0,800.0
-1129.8533007334963,325.0,800.0
-1127.8524857375714,325.0,800.0
-1125.8516707416463,325.0,800.0
-1123.8508557457212,325.0,800.0
-1121.8500407497963,325.0,800.0
-1119.8492257538712,325.0,800.0
-1117.848410757946,325.0,800.0
-1115.8475957620212,325.0,800.0
-1113.8467807660963,325.0,800.0
-1111.8459657701712,325.0,800.0
-1109.8451507742461,325.0,800.0
-1107.8443357783212,325.0,800.0
-1105.8435207823961,325.0,800.0
-1103.842705786471,325.0,800.0
-1101.8418907905461,325.0,800.0
-1099.841075794621,325.0,800.0
-1097.840260798696,325.0,800.0
-1095.839445802771,325.0,800.0
-1093.838630806846,325.0,800.0
-1091.837815810921,325.0,800.0
-1089.837000814996,325.0,800.0
-1087.8361858190708,325.0,800.0
-1085.835370823146,325.0,800.0
-1083.8345558272208,325.0,800.0
-1081.833740831296,325.0,800.0
-1079.8329258353708,325.0,800.0
-1077.8321108394457,325.0,800.0
-1075.8312958435208,325.0,800.0
-1073.8304808475957,325.0,800.0
-1071.8296658516708,325.0,800.0
-1069.8288508557457,325.0,800.0
-1067.8280358598208,325.0,800.0
-1065.8272208638957,325.0,800.0
-1063.8264058679706,325.0,800.0
-1061.8255908720457,325.0,800.0
-1059.8247758761206,325.0,800.0
-1057.8239608801957,325.0,800.0
-1055.8231458842706,325.0,800.0
-1053.8223308883457,325.0,800.0
-1051.8215158924206,325.0,800.0
-1049.8207008964955,325.0,800.0
-1047.8198859005706,325.0,800.0
-1045.8190709046455,325.0,800.0
-1043.8182559087204,325.0,800.0
-1041.8174409127955,325.0,800.0
-1039.8166259168704,325.0,800.0
-1037.8158109209453,325.0,800.0
-1035.8149959250204,325.0,800.0
-1033.8141809290953,325.0,800.0
-1031.8133659331704,325.0,800.0
-1029.8125509372453,325.0,800.0
-1027.8117359413204,325.0,800.0
-1025.8109209453953,325.0,800.0
-1023.8101059494703,325.0,800.0
-1021.8092909535453,325.0,800.0
-1019.8084759576202,325.0,800.0
-1017.8076609616952,325.0,800.0
-1015.8068459657702,325.0,800.0
-1013.8060309698452,325.0,800.0
-1011.8052159739202,325.0,800.0
-1009.8044009779951,325.0,800.0
-1007.8035859820701,325.0,800.0
-1005.8027709861451,325.0,800.0
-1003.80195599022,325.0,800.0
-1001.8011409942951,325.0,800.0
-999.80032599837,325.0,800.0
-997.7995110024451,325.0,800.0
-995.79869600652,325.0,800.0
-993.7978810105949,325.0,800.0
-991.79706601467,325.0,800.0
-989.7962510187449,325.0,800.0
-987.7954360228199,325.0,800.0
-985.7946210268949,325.0,800.0
-983.7938060309699,325.0,800.0
-981.7929910350449,325.0,800.0
-979.7921760391198,325.0,800.0
-977.7913610431948,325.0,800.0
-975.7905460472698,325.0,800.0
-973.7897310513448,325.0,800.0
-971.7889160554197,325.0,800.0
-969.7881010594948,325.0,800.0
-967.7872860635697,325.0,800.0
-965.7864710676447,325.0,800.0
-963.7856560717197,325.0,800.0
-961.7848410757946,325.0,800.0
-959.7840260798696,325.0,800.0
-957.7832110839446,325.0,800.0
-955.7823960880196,325.0,800.0
-953.7815810920946,325.0,800.0
-951.7807660961696,325.0,800.0
-949.7799511002445,325.0,800.0
-947.7791361043195,325.0,800.0
-945.7783211083945,325.0,800.0
-943.7775061124695,325.0,800.0
-941.7766911165444,325.0,800.0
-939.7758761206195,325.0,800.0
-937.7750611246944,325.0,800.0
-935.7742461287694,325.0,800.0
-933.7734311328444,325.0,800.0
-931.7726161369193,325.0,800.0
-929.7718011409943,325.0,800.0
-927.7709861450693,325.0,800.0
-925.7701711491443,325.0,800.0
-923.7693561532193,325.0,800.0
-921.7685411572943,325.0,800.0
-919.7677261613692,325.0,800.0
-917.7669111654442,325.0,800.0
-915.7660961695192,325.0,800.0
-913.7652811735942,325.0,800.0
-911.7644661776692,325.0,800.0
-909.7636511817442,325.0,800.0
-907.7628361858191,325.0,800.0
-905.7620211898941,325.0,800.0
-903.7612061939691,325.0,800.0
-901.760391198044,325.0,800.0
-899.759576202119,325.0,800.0
-897.758761206194,325.0,800.0
-895.757946210269,325.0,800.0
-893.757131214344,325.0,800.0
-891.756316218419,325.0,800.0
-889.7555012224939,325.0,800.0
-887.7546862265689,325.0,800.0
-885.7538712306439,325.0,800.0
-883.7530562347189,325.0,800.0
-881.7522412387939,325.0,800.0
-879.7514262428689,325.0,800.0
-877.7506112469438,325.0,800.0
-875.7497962510188,325.0,800.0
-873.7489812550938,325.0,800.0
-871.7481662591687,325.0,800.0
-869.7473512632437,325.0,800.0
-867.7465362673187,325.0,800.0
-865.7457212713937,325.0,800.0
-863.7449062754686,325.0,800.0
-861.7440912795436,325.0,800.0
-859.7432762836187,325.0,800.0
-857.7424612876937,325.0,800.0
-855.7416462917686,325.0,800.0
-853.7408312958436,325.0,800.0
-851.7400162999186,325.0,800.0
-849.7392013039936,325.0,800.0
-847.7383863080685,325.0,800.0
-845.7375713121435,325.0,800.0
-843.7367563162185,325.0,800.0
-841.7359413202934,325.0,800.0
-839.7351263243684,325.0,800.0
-837.7343113284434,325.0,800.0
-835.7334963325184,325.0,800.0
-833.7326813365933,325.0,800.0
-831.7318663406683,325.0,800.0
-829.7310513447434,325.0,800.0
-827.7302363488184,325.0,800.0
-825.7294213528933,325.0,800.0
-823.7286063569683,325.0,800.0
-821.7277913610433,325.0,800.0
-819.7269763651183,325.0,800.0
-817.7261613691932,325.0,800.0
-815.7253463732682,325.0,800.0
-813.7245313773432,325.0,800.0
-811.7237163814181,325.0,800.0
-809.7229013854931,325.0,800.0
-807.7220863895681,325.0,800.0
-805.7212713936431,325.0,800.0
-803.720456397718,325.0,800.0
-801.7196414017931,325.0,800.0
-799.7188264058681,325.0,800.0
-797.7180114099431,325.0,800.0
-795.717196414018,325.0,800.0
-793.716381418093,325.0,800.0
-791.715566422168,325.0,800.0
-789.714751426243,325.0,800.0
-787.7139364303179,325.0,800.0
-785.7131214343929,325.0,800.0
-783.7123064384679,325.0,800.0
-781.7114914425428,325.0,800.0
-779.7106764466178,325.0,800.0
-777.7098614506928,325.0,800.0
-775.7090464547678,325.0,800.0
-773.7082314588426,325.0,800.0
-771.7074164629178,325.0,800.0
-769.7066014669928,325.0,800.0
-767.7057864710678,325.0,800.0
-765.7049714751427,325.0,800.0
-763.7041564792177,325.0,800.0
-761.7033414832927,325.0,800.0
-759.7025264873675,325.0,800.0
-757.7017114914426,325.0,800.0
-755.7008964955176,325.0,800.0
-753.7000814995926,325.0,800.0
-751.6992665036674,325.0,800.0
-749.6984515077424,325.0,800.0
-747.6976365118174,325.0,800.0
-745.6968215158925,325.0,800.0
-743.6960065199673,325.0,800.0
-741.6951915240425,325.0,800.0
-739.6943765281175,325.0,800.0
-737.6935615321925,325.0,800.0
-735.6927465362674,325.0,800.0
-733.6919315403424,325.0,800.0
-731.6911165444174,325.0,800.0
-729.6903015484922,325.0,800.0
-727.6894865525672,325.0,800.0
-725.6886715566422,325.0,800.0
-723.6878565607173,325.0,800.0
-721.6870415647921,325.0,800.0
-719.6862265688671,325.0,800.0
-717.6854115729421,325.0,800.0
-715.6845965770171,325.0,800.0
-713.6837815810921,325.0,800.0
-711.6829665851672,325.0,800.0
-709.6821515892422,325.0,800.0
-707.6813365933172,325.0,800.0
-705.680521597392,325.0,800.0
-703.679706601467,325.0,800.0
-701.678891605542,325.0,800.0
-699.6780766096169,325.0,800.0
-697.6772616136919,325.0,800.0
-695.6764466177669,325.0,800.0
-693.675631621842,325.0,800.0
-691.6748166259168,325.0,800.0
-689.6740016299918,325.0,800.0
-687.6731866340668,325.0,800.0
-685.6723716381417,325.0,800.0
-683.6715566422168,325.0,800.0
-681.6707416462918,325.0,800.0
-679.6699266503668,325.0,800.0
-677.6691116544418,325.0,800.0
-675.6682966585167,325.0,800.0
-673.6674816625917,325.0,800.0
-671.6666666666667,325.0,800.0
-669.6658516707416,325.0,800.0
-667.6650366748166,325.0,800.0
-665.6642216788916,325.0,800.0
-663.6634066829666,325.0,800.0
-661.6625916870415,325.0,800.0
-659.6617766911165,325.0,800.0
-657.6609616951915,325.0,800.0
-655.6601466992666,325.0,800.0
-653.6593317033415,325.0,800.0
-651.6585167074165,325.0,800.0
-649.6577017114915,325.0,800.0
-647.6568867155665,325.0,800.0
-645.6560717196414,325.0,800.0
-643.6552567237164,325.0,800.0
-641.6544417277914,325.0,800.0
-639.6536267318663,325.0,800.0
-637.6528117359413,325.0,800.0
-635.6519967400163,325.0,800.0
-633.6511817440913,325.0,800.0
-631.6503667481662,325.0,800.0
-629.6495517522412,325.0,800.0
-627.6487367563162,325.0,800.0
-625.6479217603913,325.0,800.0
-623.6471067644662,325.0,800.0
-621.6462917685412,325.0,800.0
-619.6454767726162,325.0,800.0
-617.6446617766912,325.0,800.0
-615.6438467807661,325.0,800.0
-613.6430317848411,325.0,800.0
-611.6422167889161,325.0,800.0
-609.641401792991,325.0,800.0
-607.640586797066,325.0,800.0
-605.639771801141,325.0,800.0
-603.638956805216,325.0,800.0
-601.6381418092909,325.0,800.0
-599.6373268133659,325.0,800.0
-597.6365118174409,325.0,800.0
-595.635696821516,325.0,800.0
-593.6348818255909,325.0,800.0
-591.6340668296659,325.0,800.0
-589.6332518337409,325.0,800.0
-587.6324368378159,325.0,800.0
-585.6316218418908,325.0,800.0
-583.6308068459658,325.0,800.0
-581.6299918500408,325.0,800.0
-579.6291768541157,325.0,800.0
-577.6283618581907,325.0,800.0
-575.6275468622657,325.0,800.0
-573.6267318663407,325.0,800.0
-571.6259168704156,325.0,800.0
-569.6251018744906,325.0,800.0
-567.6242868785657,325.0,800.0
-565.6234718826407,325.0,800.0
-563.6226568867156,325.0,800.0
-561.6218418907906,325.0,800.0
-559.6210268948656,325.0,800.0
-557.6202118989406,325.0,800.0
-555.6193969030155,325.0,800.0
-553.6185819070905,325.0,800.0
-551.6177669111655,325.0,800.0
-549.6169519152404,325.0,800.0
-547.6161369193154,325.0,800.0
-545.6153219233904,325.0,800.0
-543.6145069274654,325.0,800.0
-541.6136919315403,325.0,800.0
-539.6128769356153,325.0,800.0
-537.6120619396904,325.0,800.0
-535.6112469437654,325.0,800.0
-533.6104319478403,325.0,800.0
-531.6096169519153,325.0,800.0
-529.6088019559903,325.0,800.0
-527.6079869600653,325.0,800.0
-525.6071719641402,325.0,800.0
-523.6063569682152,325.0,800.0
-521.6055419722902,325.0,800.0
-519.6047269763651,325.0,800.0
-517.6039119804401,325.0,800.0
-515.6030969845151,325.0,800.0
-513.6022819885901,325.0,800.0
-511.601466992665,325.0,800.0
-509.60065199674,325.0,800.0
-507.5998370008151,325.0,800.0
-505.5990220048901,325.0,800.0
-503.598207008965,325.0,800.0
-501.59739201304,325.0,800.0
-499.596577017115,325.0,800.0
-497.5957620211899,325.0,800.0
-495.5949470252649,325.0,800.0
-493.5941320293399,325.0,800.0
-491.5933170334149,325.0,800.0
-489.5925020374898,325.0,800.0
-487.5916870415648,325.0,800.0
-485.5908720456398,325.0,800.0
-483.5900570497148,325.0,800.0
-481.5892420537897,325.0,800.0
-479.5884270578648,325.0,800.0
-477.5876120619398,325.0,800.0
-475.5867970660148,325.0,800.0
-473.5859820700897,325.0,800.0
-471.5851670741647,325.0,800.0
-469.5843520782397,325.0,800.0
-467.5835370823146,325.0,800.0
-465.5827220863896,325.0,800.0
-463.5819070904645,325.0,800.0
-461.5810920945396,325.0,800.0
-459.5802770986145,325.0,800.0
-457.5794621026896,325.0,800.0
-455.5786471067645,325.0,800.0
-453.5778321108394,325.0,800.0
-451.5770171149145,325.0,800.0
-449.5762021189896,325.0,800.0
-447.5753871230645,325.0,800.0
-445.5745721271394,325.0,800.0
-443.5737571312145,325.0,800.0
-441.5729421352894,325.0,800.0
-439.5721271393643,325.0,800.0
-437.5713121434394,325.0,800.0
-435.5704971475143,325.0,800.0
-433.5696821515892,325.0,800.0
-431.5688671556643,325.0,800.0
-429.5680521597392,325.0,800.0
-427.5672371638143,325.0,800.0
-425.5664221678892,325.0,800.0
-423.5656071719641,325.0,800.0
-421.5647921760392,325.0,800.0
-419.5639771801143,325.0,800.0
-417.5631621841892,325.0,800.0
-415.5623471882641,325.0,800.0
-413.5615321923392,325.0,800.0
-411.5607171964141,325.0,800.0
-409.559902200489,325.0,800.0
-407.5590872045641,325.0,800.0
-405.558272208639,325.0,800.0
-403.55745721271387,325.0,800.0
-401.556642216789,325.0,800.0
-399.5558272208639,325.0,800.0
-397.555012224939,325.0,800.0
-395.5541972290139,325.0,800.0
-393.55338223308877,325.0,800.0
-391.5525672371639,325.0,800.0
-389.551752241239,325.0,800.0
-387.5509372453139,325.0,800.0
-385.5501222493888,325.0,800.0
-383.5493072534639,325.0,800.0
-381.5484922575388,325.0,800.0
-379.54767726161367,325.0,800.0
-377.5468622656888,325.0,800.0
-375.5460472697637,325.0,800.0
-373.54523227383856,325.0,800.0
-371.5444172779137,325.0,800.0
-369.54360228198857,325.0,800.0
-367.5427872860637,325.0,800.0
-365.5419722901386,325.0,800.0
-363.54115729421346,325.0,800.0
-361.5403422982886,325.0,800.0
-359.5395273023637,325.0,800.0
-357.5387123064386,325.0,800.0
-355.5378973105135,325.0,800.0
-353.5370823145886,325.0,800.0
-351.5362673186635,325.0,800.0
-349.53545232273837,325.0,800.0
-347.5346373268135,325.0,800.0
-345.53382233088837,325.0,800.0
-343.53300733496326,325.0,800.0
-341.5321923390384,325.0,800.0
-339.53137734311326,325.0,800.0
-337.5305623471884,325.0,800.0
-335.52974735126327,325.0,800.0
-333.5289323553384,325.0,800.0
-331.5281173594133,325.0,800.0
-329.5273023634884,325.0,800.0
-327.5264873675633,325.0,800.0
-325.52567237163817,325.0,800.0
-323.5248573757133,325.0,800.0
-321.52404237978817,325.0,800.0
-319.52322738386306,325.0,800.0
-317.5224123879382,325.0,800.0
-315.52159739201306,325.0,800.0
-313.52078239608795,325.0,800.0
-311.51996740016307,325.0,800.0
-309.51915240423796,325.0,800.0
-307.5183374083131,325.0,800.0
-305.51752241238796,325.0,800.0
-303.5167074164631,325.0,800.0
-301.51589242053797,325.0,800.0
-299.5150774246131,325.0,800.0
-297.51426242868797,325.0,800.0
-295.51344743276286,325.0,800.0
-293.512632436838,325.0,800.0
-291.51181744091286,325.0,800.0
-289.51100244498775,325.0,800.0
-287.51018744906287,325.0,800.0
-285.50937245313776,325.0,800.0
-283.50855745721265,325.0,800.0
-281.50774246128776,325.0,800.0
-279.50692746536265,325.0,800.0
-277.50611246943777,325.0,800.0
-275.50529747351266,325.0,800.0
-273.50448247758777,325.0,800.0
-271.50366748166266,325.0,800.0
-269.5028524857378,325.0,800.0
-267.50203748981266,325.0,800.0
-265.50122249388755,325.0,800.0
-263.50040749796267,325.0,800.0
-261.49959250203756,325.0,800.0
-259.4987775061127,325.0,800.0
-257.49796251018756,325.0,800.0
-255.49714751426268,325.0,800.0
-253.49633251833734,325.0,800.0
-251.49551752241246,325.0,800.0
-249.49470252648734,325.0,800.0
-247.49388753056246,325.0,800.0
-245.49307253463735,325.0,800.0
-243.49225753871247,325.0,800.0
-241.49144254278735,325.0,800.0
-239.49062754686247,325.0,800.0
-237.48981255093713,325.0,800.0
-235.48899755501225,325.0,800.0
-233.48818255908714,325.0,800.0
-231.48736756316225,325.0,800.0
-229.48655256723737,325.0,800.0
-227.48573757131226,325.0,800.0
-225.48492257538737,325.0,800.0
-223.48410757946203,325.0,800.0
-221.48329258353715,325.0,800.0
-219.48247758761204,325.0,800.0
-217.48166259168715,325.0,800.0
-215.48084759576204,325.0,800.0
-213.48003259983716,325.0,800.0
-211.47921760391205,325.0,800.0
-209.47840260798716,325.0,800.0
-207.47758761206182,325.0,800.0
-205.47677261613694,325.0,800.0
-203.47595762021183,325.0,800.0
-201.47514262428695,325.0,800.0
-199.47432762836206,325.0,800.0
-197.47351263243695,325.0,800.0
-195.47269763651207,325.0,800.0
-193.47188264058673,325.0,800.0
-191.47106764466184,325.0,800.0
-189.47025264873673,325.0,800.0
-187.46943765281185,325.0,800.0
-185.46862265688674,325.0,800.0
-183.46780766096185,325.0,800.0
-181.46699266503674,325.0,800.0
-179.46617766911186,325.0,800.0
-177.46536267318652,325.0,800.0
-175.46454767726163,325.0,800.0
-173.46373268133652,325.0,800.0
-171.46291768541164,325.0,800.0
-169.46210268948676,325.0,800.0
-167.46128769356164,325.0,800.0
-165.46047269763676,325.0,800.0
-163.45965770171142,325.0,800.0
-161.45884270578654,325.0,800.0
-159.45802770986143,325.0,800.0
-157.45721271393654,325.0,800.0
-155.45639771801143,325.0,800.0
-153.45558272208655,325.0,800.0
-151.45476772616144,325.0,800.0
-149.45395273023655,325.0,800.0
-147.4531377343112,325.0,800.0
-145.45232273838633,325.0,800.0
-143.45150774246144,325.0,800.0
-141.45069274653633,325.0,800.0
-139.44987775061145,325.0,800.0
-137.44906275468634,325.0,800.0
-135.44824775876145,325.0,800.0
-133.44743276283612,325.0,800.0
-131.44661776691123,325.0,800.0
-129.44580277098612,325.0,800.0
-127.44498777506124,325.0,800.0
-125.44417277913612,325.0,800.0
-123.44335778321124,325.0,800.0
-121.44254278728613,325.0,800.0
-119.44172779136125,325.0,800.0
-117.4409127954359,325.0,800.0
-115.44009779951102,325.0,800.0
-113.43928280358614,325.0,800.0
-111.43846780766103,325.0,800.0
-109.43765281173614,325.0,800.0
-107.43683781581103,325.0,800.0
-105.43602281988615,325.0,800.0
-103.43520782396081,325.0,800.0
-101.43439282803593,325.0,800.0
-99.43357783211081,325.0,800.0
-97.43276283618593,325.0,800.0
-95.43194784026082,325.0,800.0
-93.43113284433593,325.0,800.0
-91.43031784841082,325.0,800.0
-89.42950285248594,325.0,800.0
-87.4286878565606,325.0,800.0
-85.42787286063572,325.0,800.0
-83.42705786471083,325.0,800.0
-81.42624286878572,325.0,800.0
-79.42542787286084,325.0,800.0
-77.42461287693573,325.0,800.0
-75.42379788101084,325.0,800.0
-73.4229828850855,325.0,800.0
-71.42216788916062,325.0,800.0
-69.42135289323551,325.0,800.0
-67.42053789731062,325.0,800.0
-65.41972290138551,325.0,800.0
-63.41890790546063,325.0,800.0
-61.41809290953552,325.0,800.0
-59.417277913610405,325.0,800.0
-57.416462917685294,325.0,800.0
-55.41564792176041,325.0,800.0
-53.414832925835526,325.0,800.0
-51.414017929910415,325.0,800.0
-49.41320293398553,325.0,800.0
-47.41238793806042,325.0,800.0
-45.411572942135535,325.0,800.0
-43.4107579462102,325.0,800.0
-41.40994295028531,325.0,800.0
-39.4091279543602,325.0,800.0
-37.40831295843532,325.0,800.0
-35.407497962510206,325.0,800.0
-33.40668296658532,325.0,800.0
-31.40586797066021,325.0,800.0
-29.4050529747351,325.0,800.0
-27.404237978809988,325.0,800.0
-25.403422982885104,325.0,800.0
-23.40260798696022,325.0,800.0
-21.40179299103511,325.0,800.0
-19.400977995110225,325.0,800.0
-17.400162999185113,325.0,800.0
-15.39934800326023,325.0,800.0
-13.39853300733489,325.0,800.0
-11.397718011410007,325.0,800.0
-9.396903015484895,325.0,800.0
-7.396088019560011,325.0,800.0
-5.3952730236349,325.0,800.0
-3.394458027710016,325.0,800.0
-1.3936430317849045,325.0,800.0
0.6071719641402069,325.0,800.0
2.6079869600653183,325.0,800.0
4.608801955990202,325.0,800.0
6.609616951915086,325.0,800.0
8.610431947840198,325.0,800.0
10.611246943765082,325.0,800.0
12.612061939690193,325.0,800.0
14.612876935615077,325.0,800.0
16.613691931540416,325.0,800.0
18.6145069274653,325.0,800.0
20.61532192339041,325.0,800.0
22.616136919315295,325.0,800.0
24.616951915240406,325.0,800.0
26.61776691116529,325.0,800.0
28.6185819070904,325.0,800.0
30.619396903015513,325.0,800.0
32.6202118989404,325.0,800.0
34.62102689486551,325.0,800.0
36.62184189079039,325.0,800.0
38.622656886715504,325.0,800.0
40.62347188264039,325.0,800.0
42.6242868785655,325.0,800.0
44.62510187449038,325.0,800.0
46.62591687041572,325.0,800.0
48.626731866340606,325.0,800.0
50.62754686226572,325.0,800.0
52.6283618581906,325.0,800.0
54.62917685411571,325.0,800.0
56.6299918500406,325.0,800.0
58.63080684596571,325.0,800.0
60.63162184189082,325.0,800.0
62.6324368378157,325.0,800.0
64.63325183374081,325.0,800.0
66.6340668296657,325.0,800.0
68.63488182559081,325.0,800.0
70.6356968215157,325.0,800.0
72.6365118174408,325.0,800.0
74.63732681336569,325.0,800.0
76.63814180929103,325.0,800.0
78.63895680521591,325.0,800.0
80.63977180114102,325.0,800.0
82.64058679706591,325.0,800.0
84.64140179299102,325.0,800.0
86.6422167889159,325.0,800.0
88.64303178484101,325.0,800.0
90.64384678076613,325.0,800.0
92.64466177669101,325.0,800.0
94.64547677261612,325.0,800.0
96.646291768541,325.0,800.0
98.64710676446612,325.0,800.0
100.647921760391,325.0,800.0
102.64873675631611,325.0,800.0
104.649551752241,325.0,800.0
106.65036674816633,325.0,800.0
108.65118174409122,325.0,800.0
110.65199674001633,325.0,800.0
112.65281173594121,325.0,800.0
114.65362673186632,325.0,800.0
116.65444172779121,325.0,800.0
118.65525672371655,325.0,800.0
120.65607171964143,325.0,800.0
122.65688671556632,325.0,800.0
124.65770171149143,325.0,800.0
126.65851670741631,325.0,800.0
128.65933170334142,325.0,800.0
130.6601466992663,325.0,800.0
132.66096169519142,325.0,800.0
134.6617766911163,325.0,800.0
136.66259168704164,325.0,800.0
138.66340668296652,325.0,800.0
140.66422167889164,325.0,800.0
142.66503667481652,325.0,800.0
144.66585167074163,325.0,800.0
146.66666666666652,325.0,800.0
148.66748166259185,325.0,800.0
150.66829665851674,325.0,800.0
152.66911165444162,325.0,800.0
154.66992665036673,325.0,800.0
156.67074164629162,325.0,800.0
158.67155664221673,325.0,800.0
160.6723716381416,325.0,800.0
162.67318663406672,325.0,800.0
164.6740016299916,325.0,800.0
166.67481662591695,325.0,800.0
168.67563162184183,325.0,800.0
170.67644661776694,325.0,800.0
172.67726161369183,325.0,800.0
174.67807660961694,325.0,800.0
176.67889160554182,325.0,800.0
178.6797066014667,325.0,800.0
180.68052159739204,325.0,800.0
182.68133659331693,325.0,800.0
184.68215158924204,325.0,800.0
186.68296658516692,325.0,800.0
188.68378158109203,325.0,800.0
190.68459657701692,325.0,800.0
192.68541157294203,325.0,800.0
194.6862265688669,325.0,800.0
196.68704156479225,325.0,800.0
198.68785656071714,325.0,800.0
200.68867155664225,325.0,800.0
202.68948655256713,325.0,800.0
204.69030154849224,325.0,800.0
206.69111654441713,325.0,800.0
208.691931540342,325.0,800.0
210.69274653626735,325.0,800.0
212.69356153219223,325.0,800.0
214.69437652811735,325.0,800.0
216.69519152404223,325.0,800.0
218.69600651996734,325.0,800.0
220.69682151589222,325.0,800.0
222.69763651181734,325.0,800.0
224.69845150774222,325.0,800.0
226.69926650366756,325.0,800.0
228.70008149959244,325.0,800.0
230.70089649551755,325.0,800.0
232.70171149144244,325.0,800.0
234.70252648736755,325.0,800.0
236.70334148329243,325.0,800.0
238.70415647921732,325.0,800.0
240.70497147514266,325.0,800.0
242.70578647106754,325.0,800.0
244.70660146699265,325.0,800.0
246.70741646291754,325.0,800.0
248.70823145884265,325.0,800.0
250.70904645476753,325.0,800.0
252.70986145069264,325.0,800.0
254.71067644661753,325.0,800.0
256.71149144254287,325.0,800.0
258.71230643846775,325.0,800.0
260.71312143439286,325.0,800.0
262.71393643031774,325.0,800.0
264.71475142624286,325.0,800.0
266.71556642216774,325.0,800.0
268.7163814180926,325.0,800.0
270.71719641401796,325.0,800.0
272.71801140994285,325.0,800.0
274.71882640586796,325.0,800.0
276.71964140179284,325.0,800.0
278.72045639771795,325.0,800.0
280.72127139364284,325.0,800.0
282.72208638956795,325.0,800.0
284.72290138549283,325.0,800.0
286.72371638141817,325.0,800.0
288.72453137734306,325.0,800.0
290.72534637326817,325.0,800.0
292.72616136919305,325.0,800.0
294.72697636511816,325.0,800.0
296.72779136104305,325.0,800.0
298.72860635696793,325.0,800.0
300.72942135289327,325.0,800.0
302.73023634881815,325.0,800.0
304.73105134474326,325.0,800.0
306.73186634066815,325.0,800.0
308.73268133659326,325.0,800.0
310.73349633251814,325.0,800.0
312.73431132844325,325.0,800.0
314.73512632436814,325.0,800.0
316.7359413202935,325.0,800.0
318.73675631621836,325.0,800.0
320.7375713121435,325.0,800.0
322.73838630806836,325.0,800.0
324.73920130399324,325.0,800.0
326.74001629991835,325.0,800.0
328.74083129584324,325.0,800.0
330.7416462917686,325.0,800.0
332.74246128769346,325.0,800.0
334.74327628361857,325.0,800.0
336.74409127954345,325.0,800.0
338.74490627546857,325.0,800.0
340.74572127139345,325.0,800.0
342.74653626731856,325.0,800.0
344.74735126324344,325.0,800.0
346.7481662591688,325.0,800.0
348.74898125509367,325.0,800.0
350.7497962510188,325.0,800.0
352.75061124694366,325.0,800.0
354.75142624286855,325.0,800.0
356.75224123879366,325.0,800.0
358.75305623471854,325.0,800.0
360.7538712306439,325.0,800.0
362.75468622656877,325.0,800.0
364.7555012224939,325.0,800.0
366.75631621841876,325.0,800.0
368.7571312143439,325.0,800.0
370.75794621026876,325.0,800.0
372.75876120619387,325.0,800.0
374.75957620211875,325.0,800.0
376.7603911980441,325.0,800.0
378.761206193969,325.0,800.0
380.7620211898941,325.0,800.0
382.76283618581897,325.0,800.0
384.76365118174385,325.0,800.0
386.76446617766896,325.0,800.0
388.76528117359385,325.0,800.0
390.7660961695192,325.0,800.0
392.76691116544407,325.0,800.0
394.7677261613692,325.0,800.0
396.76854115729407,325.0,800.0
398.7693561532192,325.0,800.0
400.77017114914406,325.0,800.0
402.7709861450692,325.0,800.0
404.77180114099406,325.0,800.0
406.7726161369194,325.0,800.0
408.7734311328443,325.0,800.0
410.7742461287694,325.0,800.0
412.7750611246943,325.0,800.0
414.77587612061916,325.0,800.0
416.77669111654427,325.0,800.0
418.77750611246915,325.0,800.0
420.7783211083945,325.0,800.0
422.7791361043194,325.0,800.0
424.7799511002445,325.0,800.0
426.7807660961694,325.0,800.0
428.7815810920945,325.0,800.0
430.78239608801937,325.0,800.0
432.7832110839445,325.0,800.0
434.78402607986936,325.0,800.0
436.7848410757947,325.0,800.0
438.7856560717196,325.0,800.0
440.7864710676447,325.0,800.0
442.7872860635696,325.0,800.0
444.78810105949447,325.0,800.0
446.7889160554196,325.0,800.0
448.78973105134446,325.0,800.0
450.7905460472698,325.0,800.0
452.7913610431947,325.0,800.0
454.7921760391198,325.0,800.0
456.7929910350447,325.0,800.0
458.7938060309698,325.0,800.0
460.7946210268947,325.0,800.0
462.7954360228198,325.0,800.0
464.79625101874467,325.0,800.0
466.79706601467,325.0,800.0
468.7978810105949,325.0,800.0
470.79869600652,325.0,800.0
472.7995110024449,325.0,800.0
474.8003259983698,325.0,800.0
476.8011409942949,325.0,800.0
478.80195599021977,325.0,800.0
480.8027709861451,325.0,800.0
482.80358598207,325.0,800.0
484.8044009779951,325.0,800.0
486.80521597392,325.0,800.0
488.8060309698451,325.0,800.0
490.80684596577,325.0,800.0
492.8076609616951,325.0,800.0
494.8084759576202,325.0,800.0
496.8092909535453,325.0,800.0
498.8101059494702,325.0,800.0
500.8109209453951,325.0,800.0
502.8117359413202,325.0,800.0
504.8125509372451,325.0,800.0
506.8133659331702,325.0,800.0
508.8141809290951,325.0,800.0
510.8149959250204,325.0,800.0
512.8158109209453,325.0,800.0
514.8166259168704,325.0,800.0
516.8174409127953,325.0,800.0
518.8182559087204,325.0,800.0
520.8190709046453,325.0,800.0
522.8198859005704,325.0,800.0
524.8207008964955,325.0,800.0
526.8215158924206,325.0,800.0
528.8223308883455,325.0,800.0
530.8231458842704,325.0,800.0
532.8239608801955,325.0,800.0
534.8247758761204,325.0,800.0
536.8255908720455,325.0,800.0
538.8264058679704,325.0,800.0
540.8272208638957,325.0,800.0
542.8280358598206,325.0,800.0
544.8288508557457,325.0,800.0
546.8296658516706,325.0,800.0
548.8304808475957,325.0,800.0
550.8312958435206,325.0,800.0
552.8321108394457,325.0,800.0
554.8329258353708,325.0,800.0
556.8337408312959,325.0,800.0
558.8345558272208,325.0,800.0
560.8353708231457,325.0,800.0
562.836185819071,325.0,800.0
564.8370008149959,325.0,800.0
566.8378158109208,325.0,800.0
568.8386308068457,325.0,800.0
570.839445802771,325.0,800.0
572.8402607986959,325.0,800.0
574.8410757946208,325.0,800.0
576.8418907905457,325.0,800.0
578.842705786471,325.0,800.0
580.8435207823959,325.0,800.0
582.8443357783212,325.0,800.0
584.8451507742461,325.0,800.0
586.845965770171,325.0,800.0
588.8467807660959,325.0,800.0
590.8475957620208,325.0,800.0
592.8484107579461,325.0,800.0
594.849225753871,325.0,800.0
596.8500407497963,325.0,800.0
598.8508557457212,325.0,800.0
600.8516707416461,325.0,800.0
602.852485737571,325.0,800.0
604.8533007334963,325.0,800.0
606.8541157294212,325.0,800.0
608.8549307253465,325.0,800.0
610.8557457212714,325.0,800.0
612.8565607171963,325.0,800.0
614.8573757131212,325.0,800.0
616.8581907090465,325.0,800.0
618.8590057049714,325.0,800.0
620.8598207008963,325.0,800.0
622.8606356968216,325.0,800.0
624.8614506927465,325.0,800.0
626.8622656886714,325.0,800.0
628.8630806845963,325.0,800.0
630.8638956805216,325.0,800.0
632.8647106764465,325.0,800.0
634.8655256723714,325.0,800.0
636.8663406682963,325.0,800.0
638.8671556642216,325.0,800.0
640.8679706601465,325.0,800.0
642.8687856560719,325.0,800.0
644.8696006519967,325.0,800.0
646.8704156479216,325.0,800.0
648.8712306438465,325.0,800.0
650.8720456397714,325.0,800.0
652.8728606356967,325.0,800.0
654.8736756316216,325.0,800.0
656.874490627547,325.0,800.0
658.8753056234718,325.0,800.0
660.8761206193967,325.0,800.0
662.8769356153216,325.0,800.0
664.8777506112469,325.0,800.0
666.8785656071718,325.0,800.0
668.8793806030972,325.0,800.0
670.880195599022,325.0,800.0
672.8810105949469,325.0,800.0
674.8818255908718,325.0,800.0
676.8826405867967,325.0,800.0
678.883455582722,325.0,800.0
680.8842705786469,325.0,800.0
682.8850855745723,325.0,800.0
684.8859005704971,325.0,800.0
686.886715566422,325.0,800.0
688.8875305623469,325.0,800.0
690.8883455582722,325.0,800.0
692.8891605541971,325.0,800.0
694.889975550122,325.0,800.0
696.8907905460469,325.0,800.0
698.8916055419722,325.0,800.0
700.8924205378971,325.0,800.0
702.8932355338225,325.0,800.0
704.8940505297473,325.0,800.0
706.8948655256722,325.0,800.0
708.8956805215971,325.0,800.0
710.896495517522,325.0,800.0
712.8973105134473,325.0,800.0
714.8981255093722,325.0,800.0
716.8989405052976,325.0,800.0
718.8997555012224,325.0,800.0
720.9005704971473,325.0,800.0
722.9013854930722,325.0,800.0
724.9022004889976,325.0,800.0
726.9030154849224,325.0,800.0
728.9038304808478,325.0,800.0
730.9046454767727,325.0,800.0
732.9054604726975,325.0,800.0
734.9062754686224,325.0,800.0
736.9070904645473,325.0,800.0
738.9079054604726,325.0,800.0
740.9087204563975,325.0,800.0
742.9095354523229,325.0,800.0
744.9103504482478,325.0,800.0
746.9111654441726,325.0,800.0
748.9119804400975,325.0,800.0
750.9127954360229,325.0,800.0
752.9136104319477,325.0,800.0
754.9144254278726,325.0,800.0
756.9152404237975,325.0,800.0
758.9160554197229,325.0,800.0
760.9168704156477,325.0,800.0
762.9176854115731,325.0,800.0
764.918500407498,325.0,800.0
766.9193154034228,325.0,800.0
768.9201303993477,325.0,800.0
770.9209453952726,325.0,800.0
772.921760391198,325.0,800.0
774.9225753871228,325.0,800.0
776.9233903830482,325.0,800.0
778.924205378973,325.0,800.0
780.9250203748979,325.0,800.0
782.9258353708228,325.0,800.0
784.9266503667482,325.0,800.0
786.927465362673,325.0,800.0
788.9282803585984,325.0,800.0
790.9290953545233,325.0,800.0
792.9299103504482,325.0,800.0
794.930725346373,325.0,800.0
796.9315403422979,325.0,800.0
798.9323553382233,325.0,800.0
800.9331703341481,325.0,800.0
802.9339853300735,325.0,800.0
804.9348003259984,325.0,800.0
806.9356153219233,325.0,800.0
808.9364303178481,325.0,800.0
810.9372453137735,325.0,800.0
812.9380603096984,325.0,800.0
814.9388753056232,325.0,800.0
816.9396903015486,325.0,800.0
818.9405052974735,325.0,800.0
820.9413202933983,325.0,800.0
822.9421352893232,325.0,800.0
824.9429502852486,325.0,800.0
826.9437652811735,325.0,800.0
828.9445802770983,325.0,800.0
830.9453952730232,325.0,800.0
832.9462102689486,325.0,800.0
834.9470252648734,325.0,800.0
836.9478402607988,325.0,800.0
838.9486552567237,325.0,800.0
840.9494702526486,325.0,800.0
842.9502852485734,325.0,800.0
844.9511002444988,325.0,800.0
846.9519152404237,325.0,800.0
848.952730236349,325.0,800.0
850.9535452322739,325.0,800.0
852.9543602281988,325.0,800.0
854.9551752241236,325.0,800.0
856.9559902200485,325.0,800.0
858.9568052159739,325.0,800.0
860.9576202118988,325.0,800.0
862.9584352078241,325.0,800.0
864.959250203749,325.0,800.0
866.9600651996739,325.0,800.0
868.9608801955987,325.0,800.0
870.9616951915241,325.0,800.0
872.962510187449,325.0,800.0
874.9633251833739,325.0,800.0
876.9641401792992,325.0,800.0
878.9649551752241,325.0,800.0
880.965770171149,325.0,800.0
882.9665851670738,325.0,800.0
884.9674001629992,325.0,800.0
886.9682151589241,325.0,800.0
888.969030154849,325.0,800.0
890.9698451507738,325.0,800.0
892.9706601466992,325.0,800.0
894.9714751426241,325.0,800.0
896.9722901385494,325.0,800.0
898.9731051344743,325.0,800.0
900.9739201303992,325.0,800.0
902.974735126324,325.0,800.0
904.9755501222494,325.0,800.0
906.9763651181743,325.0,800.0
908.9771801140996,325.0,800.0
910.9779951100245,325.0,800.0
912.9788101059494,325.0,800.0
914.9796251018743,325.0,800.0
916.9804400977991,325.0,800.0
918.9812550937245,325.0,800.0
920.9820700896494,325.0,800.0
922.9828850855747,325.0,800.0
924.9837000814996,325.0,800.0
926.9845150774245,325.0,800.0
928.9853300733494,325.0,800.0
930.9861450692747,325.0,800.0
932.9869600651996,325.0,800.0
934.9877750611245,325.0,800.0
936.9885900570498,325.0,800.0
938.9894050529747,325.0,800.0
940.9902200488996,325.0,800.0
942.9910350448245,325.0,800.0
944.9918500407498,325.0,800.0
946.9926650366747,325.0,800.0
948.9934800325996,325.0,800.0
950.9942950285244,325.0,800.0
952.9951100244498,325.0,800.0
954.9959250203747,325.0,800.0
956.9967400163,325.0,800.0
958.9975550122249,325.0,800.0
960.9983700081498,325.0,800.0
962.9991850040747,325.0,800.0
965.0,325.0,800.0
967.0008149959249,325.0,800.0
969.0016299918498,325.0,800.0
971.0024449877747,325.0,800.0
973.0032599837,325.0,800.0
975.0040749796249,325.0,800.0
977.0048899755498,325.0,800.0
979.0057049714746,325.0,800.0
981.0065199674004,325.0,800.0
983.0073349633253,325.0,800.0
985.0081499592502,325.0,800.0
987.0089649551751,325.0,800.0
989.0097799511004,325.0,800.0
991.0105949470253,325.0,800.0
993.0114099429502,325.0,800.0
995.0122249388751,325.0,800.0
997.0130399348004,325.0,800.0
999.0138549307253,325.0,800.0
1001.0146699266502,325.0,800.0
1003.0154849225751,325.0,800.0
1005.0162999185,325.0,800.0
1007.0171149144253,325.0,800.0
1009.0179299103502,325.0,800.0
1011.0187449062751,325.0,800.0
1013.0195599022,325.0,800.0
1015.0203748981257,325.0,800.0
1017.0211898940506,325.0,800.0
1019.0220048899755,325.0,800.0
1021.0228198859004,325.0,800.0
1023.0236348818257,325.0,800.0
1025.0244498777506,325.0,800.0
1027.0252648736755,325.0,800.0
1029.0260798696004,325.0,800.0
1031.0268948655253,325.0,800.0
1033.0277098614506,325.0,800.0
1035.0285248573755,325.0,800.0
1037.0293398533004,325.0,800.0
1039.0301548492253,325.0,800.0
1041.030969845151,325.0,800.0
1043.031784841076,325.0,800.0
1045.0325998370008,325.0,800.0
1047.0334148329257,325.0,800.0
1049.034229828851,325.0,800.0
1051.035044824776,325.0,800.0
1053.0358598207008,325.0,800.0
1055.0366748166257,325.0,800.0
1057.0374898125506,325.0,800.0
1059.038304808476,325.0,800.0
1061.0391198044008,325.0,800.0
1063.0399348003257,325.0,800.0
1065.0407497962506,325.0,800.0
1067.041564792176,325.0,800.0
1069.0423797881008,325.0,800.0
1071.0431947840257,325.0,800.0
1073.0440097799506,325.0,800.0
1075.0448247758764,325.0,800.0
1077.0456397718012,325.0,800.0
1079.0464547677261,325.0,800.0
1081.047269763651,325.0,800.0
1083.0480847595763,325.0,800.0
1085.0488997555012,325.0,800.0
1087.049714751426,325.0,800.0
1089.050529747351,325.0,800.0
1091.0513447432759,325.0,800.0
1093.0521597392012,325.0,800.0
1095.052974735126,325.0,800.0
1097.053789731051,325.0,800.0
1099.0546047269759,325.0,800.0
1101.0554197229017,325.0,800.0
1103.0562347188265,325.0,800.0
1105.0570497147514,325.0,800.0
1107.0578647106763,325.0,800.0
1109.0586797066017,325.0,800.0
1111.0594947025265,325.0,800.0
1113.0603096984514,325.0,800.0
1115.0611246943763,325.0,800.0
1117.0619396903012,325.0,800.0
1119.0627546862265,325.0,800.0
1121.0635696821514,325.0,800.0
1123.0643846780763,325.0,800.0
1125.0651996740012,325.0,800.0
1127.0660146699265,325.0,800.0
1129.0668296658514,325.0,800.0
1131.0676446617763,325.0,800.0
1133.0684596577012,325.0,800.0
1135.069274653627,325.0,800.0
1137.0700896495518,325.0,800.0
1139.0709046454767,325.0,800.0
1141.0717196414016,325.0,800.0
1143.072534637327,325.0,800.0
1145.0733496332518,325.0,800.0
1147.0741646291767,325.0,800.0
1149.0749796251016,325.0,800.0
1151.0757946210265,325.0,800.0
1153.0766096169518,325.0,800.0
1155.0774246128767,325.0,800.0
1157.0782396088016,325.0,800.0
1159.0790546047265,325.0,800.0
1161.0798696006523,325.0,800.0
1163.0806845965772,325.0,800.0
1165.081499592502,325.0,800.0
1167.082314588427,325.0,800.0
1169.0831295843523,325.0,800.0
1171.0839445802771,325.0,800.0
1173.084759576202,325.0,800.0
1175.085574572127,325.0,800.0
1177.0863895680518,325.0,800.0
1179.0872045639771,325.0,800.0
1181.088019559902,325.0,800.0
1183.088834555827,325.0,800.0
1185.0896495517518,325.0,800.0
1187.0904645476771,325.0,800.0
1189.091279543602,325.0,800.0
1191.092094539527,325.0,800.0
1193.0929095354522,325.0,800.0
1195.0937245313776,325.0,800.0
1197.0945395273025,325.0,800.0
1199.0953545232273,325.0,800.0
1201.0961695191522,325.0,800.0
1203.096984515077,325.0,800.0
1205.0977995110024,325.0,800.0
1207.0986145069273,325.0,800.0
1209.0994295028522,325.0,800.0
1211.100244498777,325.0,800.0
1213.1010594947024,325.0,800.0
1215.1018744906273,325.0,800.0
1217.1026894865522,325.0,800.0
1219.103504482477,325.0,800.0
1221.1043194784029,325.0,800.0
1223.1051344743278,325.0,800.0
1225.1059494702527,325.0,800.0
1227.1067644661775,325.0,800.0
1229.1075794621029,325.0,800.0
1231.1083944580278,325.0,800.0
1233.1092094539526,325.0,800.0
1235.1100244498775,325.0,800.0
1237.1108394458024,325.0,800.0
1239.1116544417278,325.0,800.0
1241.1124694376526,325.0,800.0
1243.1132844335775,325.0,800.0
1245.1140994295024,325.0,800.0
1247.1149144254277,325.0,800.0
1249.1157294213526,325.0,800.0
1251.1165444172775,325.0,800.0
1253.1173594132028,325.0,800.0
1255.1181744091282,325.0,800.0
1257.118989405053,325.0,800.0
1259.119804400978,325.0,800.0
1261.1206193969028,325.0,800.0
1263.1214343928277,325.0,800.0
1265.122249388753,325.0,800.0
1267.123064384678,325.0,800.0
1269.1238793806028,325.0,800.0
1271.1246943765277,325.0,800.0
1273.125509372453,325.0,800.0
1275.126324368378,325.0,800.0
1277.1271393643028,325.0,800.0
1279.1279543602277,325.0,800.0
1281.1287693561535,325.0,800.0
1283.1295843520784,325.0,800.0
1285.1303993480033,325.0,800.0
1287.1312143439281,325.0,800.0
1289.1320293398535,325.0,800.0
1291.1328443357784,325.0,800.0
1293.1336593317033,325.0,800.0
1295.1344743276281,325.0,800.0
1297.135289323553,325.0,800.0
1299.1361043194784,325.0,800.0
1301.1369193154032,325.0,800.0
1303.1377343113281,325.0,800.0
1305.138549307253,325.0,800.0
1307.1393643031784,325.0,800.0
1309.1401792991032,325.0,800.0
1311.1409942950281,325.0,800.0
1313.1418092909535,325.0,800.0
1315.1426242868788,325.0,800.0
1317.1434392828037,325.0,800.0
1319.1442542787286,325.0,800.0
1321.1450692746535,325.0,800.0
1323.1458842705783,325.0,800.0
1325.1466992665037,325.0,800.0
1327.1475142624286,325.0,800.0
1329.1483292583534,325.0,800.0
1331.1491442542783,325.0,800.0
1333.1499592502037,325.0,800.0
1335.1507742461285,325.0,800.0
1337.1515892420534,325.0,800.0
1339.1524042379783,325.0,800.0
1341.153219233904,325.0,800.0
1343.154034229829,325.0,800.0
1345.1548492257539,325.0,800.0
1347.1556642216788,325.0,800.0
1349.1564792176036,325.0,800.0
1351.157294213529,325.0,800.0
1353.1581092094539,325.0,800.0
1355.1589242053788,325.0,800.0
1357.1597392013036,325.0,800.0
1359.160554197229,325.0,800.0
1361.1613691931539,325.0,800.0
1363.1621841890787,325.0,800.0
1365.1629991850036,325.0,800.0
1367.163814180929,325.0,800.0
1369.1646291768539,325.0,800.0
1371.1654441727792,325.0,800.0
1373.166259168704,325.0,800.0
1375.1670741646294,325.0,800.0
1377.1678891605543,325.0,800.0
1379.1687041564792,325.0,800.0
1381.169519152404,325.0,800.0
1383.170334148329,325.0,800.0
1385.1711491442543,325.0,800.0
1387.1719641401792,325.0,800.0
1389.172779136104,325.0,800.0
1391.173594132029,325.0,800.0
1393.1744091279543,325.0,800.0
1395.1752241238792,325.0,800.0
1397.176039119804,325.0,800.0
1399.176854115729,325.0,800.0
1401.1776691116547,325.0,800.0
1403.1784841075796,325.0,800.0
1405.1792991035045,325.0,800.0
1407.1801140994294,325.0,800.0
1409.1809290953543,325.0,800.0
1411.1817440912796,325.0,800.0
1413.1825590872045,325.0,800.0
1415.1833740831294,325.0,800.0
1417.1841890790542,325.0,800.0
1419.1850040749796,325.0,800.0
1421.1858190709045,325.0,800.0
1423.1866340668294,325.0,800.0
1425.1874490627542,325.0,800.0
1427.1882640586796,325.0,800.0
1429.1890790546045,325.0,800.0
1431.1898940505298,325.0,800.0
1433.1907090464547,325.0,800.0
1435.19152404238,325.0,800.0
1437.192339038305,325.0,800.0
1439.1931540342298,325.0,800.0
1441.1939690301547,325.0,800.0
1443.1947840260796,325.0,800.0
1445.195599022005,325.0,800.0
1447.1964140179298,325.0,800.0
1449.1972290138547,325.0,800.0
1451.1980440097796,325.0,800.0
1453.198859005705,325.0,800.0
1455.1996740016298,325.0,800.0
1457.2004889975547,325.0,800.0
1459.2013039934795,325.0,800.0
1461.2021189894053,325.0,800.0
1463.2029339853302,325.0,800.0
1465.203748981255,325.0,800.0
1467.20456397718,325.0,800.0
1469.2053789731049,325.0,800.0
1471.2061939690302,325.0,800.0
1473.207008964955,325.0,800.0
1475.20782396088,325.0,800.0
1477.2086389568049,325.0,800.0
1479.2094539527302,325.0,800.0
1481.210268948655,325.0,800.0
1483.21108394458,325.0,800.0
1485.2118989405049,325.0,800.0
1487.2127139364302,325.0,800.0
1489.213528932355,325.0,800.0
1491.2143439282804,325.0,800.0
1493.2151589242053,325.0,800.0
1495.2159739201306,325.0,800.0
1497.2167889160555,325.0,800.0
1499.2176039119804,325.0,800.0
1501.2184189079053,325.0,800.0
1503.2192339038302,325.0,800.0
1505.2200488997555,325.0,800.0
1507.2208638956804,325.0,800.0
1509.2216788916053,325.0,800.0
1511.2224938875302,325.0,800.0
1513.2233088834555,325.0,800.0
1515.2241238793804,325.0,800.0
1517.2249388753053,325.0,800.0
1519.2257538712302,325.0,800.0
1521.226568867156,325.0,800.0
1523.2273838630808,325.0,800.0
1525.2281988590057,325.0,800.0
1527.2290138549306,325.0,800.0
1529.2298288508555,325.0,800.0
1531.2306438467808,325.0,800.0
1533.2314588427057,325.0,800.0
1535.2322738386306,325.0,800.0
1537.2330888345555,325.0,800.0
1539.2339038304808,325.0,800.0
1541.2347188264057,325.0,800.0
1543.2355338223306,325.0,800.0
1545.2363488182555,325.0,800.0
1547.2371638141808,325.0,800.0
1549.2379788101061,325.0,800.0
1551.238793806031,325.0,800.0
1553.239608801956,325.0,800.0
1555.2404237978808,325.0,800.0
1557.2412387938061,325.0,800.0
1559.242053789731,325.0,800.0
1561.242868785656,325.0,800.0
1563.2436837815808,325.0,800.0
1565.2444987775061,325.0,800.0
1567.245313773431,325.0,800.0
1569.246128769356,325.0,800.0
1571.2469437652808,325.0,800.0
1573.2477587612061,325.0,800.0
1575.248573757131,325.0,800.0
1577.2493887530559,325.0,800.0
1579.2502037489808,325.0,800.0
1581.2510187449066,325.0,800.0
1583.2518337408314,325.0,800.0
1585.2526487367563,325.0,800.0
1587.2534637326812,325.0,800.0
1589.254278728606,325.0,800.0
1591.2550937245314,325.0,800.0
1593.2559087204563,325.0,800.0
1595.2567237163812,325.0,800.0
1597.257538712306,325.0,800.0
1599.2583537082314,325.0,800.0
1601.2591687041563,325.0,800.0
1603.2599837000812,325.0,800.0
1605.260798696006,325.0,800.0
1607.2616136919314,325.0,800.0
1609.2624286878568,325.0,800.0
1611.2632436837816,325.0,800.0
1613.2640586797065,325.0,800.0
1615.2648736756314,325.0,800.0
1617.2656886715567,325.0,800.0
1619.2665036674816,325.0,800.0
1621.2673186634065,325.0,800.0
1623.2681336593314,325.0,800.0
1625.2689486552567,325.0,800.0
1627.2697636511816,325.0,800.0
1629.2705786471065,325.0,800.0
1631.2713936430314,325.0,800.0
1633.2722086389567,325.0,800.0
1635.2730236348816,325.0,800.0
1637.2738386308065,325.0,800.0
1639.2746536267314,325.0,800.0
1641.2754686226572,325.0,800.0
1643.276283618582,325.0,800.0
1645.277098614507,325.0,800.0
1647.2779136104318,325.0,800.0
1649.2787286063567,325.0,800.0
1651.279543602282,325.0,800.0
1653.280358598207,325.0,800.0
1655.2811735941318,325.0,800.0
1657.2819885900567,325.0,800.0
1659.282803585982,325.0,800.0
1661.283618581907,325.0,800.0
1663.2844335778318,325.0,800.0
1665.2852485737567,325.0,800.0
1667.286063569682,325.0,800.0
1669.2868785656074,325.0,800.0
1671.2876935615323,325.0,800.0
1673.2885085574571,325.0,800.0
1675.289323553382,325.0,800.0
1677.2901385493074,325.0,800.0
1679.2909535452322,325.0,800.0
1681.2917685411571,325.0,800.0
1683.292583537082,325.0,800.0
1685.2933985330073,325.0,800.0
1687.2942135289322,325.0,800.0
1689.2950285248571,325.0,800.0
1691.295843520782,325.0,800.0
1693.2966585167073,325.0,800.0
1695.2974735126322,325.0,800.0
1697.298288508557,325.0,800.0
1699.299103504482,325.0,800.0
1701.2999185004069,325.0,800.0
1703.3007334963327,325.0,800.0
1705.3015484922576,325.0,800.0
1707.3023634881824,325.0,800.0
1709.3031784841073,325.0,800.0
1711.3039934800327,325.0,800.0
1713.3048084759575,325.0,800.0
1715.3056234718824,325.0,800.0
1717.3064384678073,325.0,800.0
1719.3072534637326,325.0,800.0
1721.3080684596575,325.0,800.0
1723.3088834555824,325.0,800.0
1725.3096984515073,325.0,800.0
1727.310513447433,325.0,800.0
1729.311328443358,325.0,800.0
1731.3121434392829,325.0,800.0
1733.3129584352077,325.0,800.0
1735.3137734311326,325.0,800.0
1737.314588427058,325.0,800.0
1739.3154034229829,325.0,800.0
1741.3162184189077,325.0,800.0
1743.3170334148326,325.0,800.0
1745.317848410758,325.0,800.0
1747.3186634066828,325.0,800.0
1749.3194784026077,325.0,800.0
1751.3202933985326,325.0,800.0
1753.321108394458,325.0,800.0
1755.3219233903828,325.0,800.0
1757.3227383863077,325.0,800.0
1759.3235533822326,325.0,800.0
1761.3243683781575,325.0,800.0
1763.3251833740833,325.0,800.0
1765.3259983700082,325.0,800.0
1767.326813365933,325.0,800.0
1769.327628361858,325.0,800.0
1771.3284433577833,325.0,800.0
1773.3292583537082,325.0,800.0
1775.330073349633,325.0,800.0
1777.330888345558,325.0,800.0
1779.3317033414833,325.0,800.0
1781.3325183374081,325.0,800.0
1783.333333333333,325.0,800.0
1785.334148329258,325.0,800.0
1787.3349633251837,325.0,800.0
1789.3357783211086,325.0,800.0
1791.3365933170335,325.0,800.0
1793.3374083129584,325.0,800.0
1795.3382233088832,325.0,800.0
1797.3390383048086,325.0,800.0
1799.3398533007335,325.0,800.0
1801.3406682966584,325.0,800.0
1803.3414832925832,325.0,800.0
1805.3422982885086,325.0,800.0
1807.3431132844335,325.0,800.0
1809.3439282803583,325.0,800.0
1811.3447432762832,325.0,800.0
1813.3455582722086,325.0,800.0
1815.3463732681334,325.0,800.0
1817.3471882640583,325.0,800.0
1819.3480032599832,325.0,800.0
1821.348818255908,325.0,800.0
1823.349633251834,325.0,800.0
1825.3504482477588,325.0,800.0
1827.3512632436837,325.0,800.0
1829.3520782396085,325.0,800.0
1831.3528932355339,325.0,800.0
1833.3537082314588,325.0,800.0
1835.3545232273837,325.0,800.0
1837.3553382233085,325.0,800.0
1839.3561532192339,325.0,800.0
1841.3569682151588,325.0,800.0
1843.3577832110836,325.0,800.0
1845.3585982070085,325.0,800.0
1847.3594132029334,325.0,800.0
1849.3602281988592,325.0,800.0
1851.361043194784,325.0,800.0
1853.361858190709,325.0,800.0
1855.3626731866339,325.0,800.0
1857.3634881825592,325.0,800.0
1859.364303178484,325.0,800.0
1861.365118174409,325.0,800.0
1863.3659331703338,325.0,800.0
1865.3667481662592,325.0,800.0
1867.367563162184,325.0,800.0
1869.368378158109,325.0,800.0
1871.3691931540338,325.0,800.0
1873.3700081499592,325.0,800.0
1875.370823145884,325.0,800.0
1877.371638141809,325.0,800.0
1879.3724531377338,325.0,800.0
1881.3732681336587,325.0,800.0
1883.3740831295845,325.0,800.0
1885.3748981255094,325.0,800.0
1887.3757131214343,325.0,800.0
1889.3765281173592,325.0,800.0
1891.3773431132845,325.0,800.0
1893.3781581092094,325.0,800.0
1895.3789731051343,325.0,800.0
1897.3797881010591,325.0,800.0
1899.3806030969845,325.0,800.0
1901.3814180929094,325.0,800.0
1903.3822330888343,325.0,800.0
1905.3830480847591,325.0,800.0
1907.383863080684,325.0,800.0
1909.3846780766098,325.0,800.0
1911.3854930725347,325.0,800.0
1913.3863080684596,325.0,800.0
1915.3871230643845,325.0,800.0
1917.3879380603098,325.0,800.0
1919.3887530562347,325.0,800.0
1921.3895680521596,325.0,800.0
1923.3903830480845,325.0,800.0
1925.3911980440098,325.0,800.0
1927.3920130399347,325.0,800.0
1929.3928280358596,325.0,800.0
1931.3936430317844,325.0,800.0
1933.3944580277098,325.0,800.0
1935.3952730236347,325.0,800.0
1937.3960880195596,325.0,800.0
1939.3969030154844,325.0,800.0
1941.3977180114093,325.0,800.0
1943.3985330073351,325.0,800.0
1945.39934800326,325.0,800.0
1947.4001629991849,325.0,800.0
1949.4009779951098,325.0,800.0
1951.401792991035,325.0,800.0
1953.40260798696,325.0,800.0
1955.4034229828849,325.0,800.0
1957.4042379788098,325.0,800.0
1959.405052974735,325.0,800.0
1961.40586797066,325.0,800.0
1963.4066829665849,325.0,800.0
1965.4074979625098,325.0,800.0
1967.4083129584346,325.0,800.0
1969.4091279543604,325.0,800.0
1971.4099429502853,325.0,800.0
1973.4107579462102,325.0,800.0
1975.411572942135,325.0,800.0
1977.4123879380604,325.0,800.0
1979.4132029339853,325.0,800.0
1981.4140179299102,325.0,800.0
1983.414832925835,325.0,800.0
1985.4156479217604,325.0,800.0
1987.4164629176853,325.0,800.0
1989.4172779136102,325.0,800.0
1991.418092909535,325.0,800.0
1993.41890790546,325.0,800.0
1995.4197229013853,325.0,800.0
1997.4205378973102,325.0,800.0
1999.421352893235,325.0,800.0
2001.42216788916,325.0,800.0
2003.4229828850857,325.0,800.0
2005.4237978810106,325.0,800.0
2007.4246128769355,325.0,800.0
2009.4254278728604,325.0,800.0
2011.4262428687857,325.0,800.0
2013.4270578647106,325.0,800.0
2015.4278728606355,325.0,800.0
2017.4286878565604,325.0,800.0
2019.4295028524857,325.0,800.0
2021.4303178484106,325.0,800.0
2023.4311328443355,325.0,800.0
2025.4319478402604,325.0,800.0
2027.4327628361852,325.0,800.0
2029.433577832111,325.0,800.0
2031.434392828036,325.0,800.0
2033.4352078239608,325.0,800.0
2035.4360228198857,325.0,800.0
2037.436837815811,325.0,800.0
2039.437652811736,325.0,800.0
2041.4384678076608,325.0,800.0
2043.4392828035857,325.0,800.0
2045.440097799511,325.0,800.0
2047.440912795436,325.0,800.0
2049.441727791361,325.0,800.0
2051.4425427872857,325.0,800.0
2053.4433577832106,325.0,800.0
2055.444172779136,325.0,800.0
2057.444987775061,325.0,800.0
2059.4458027709857,325.0,800.0
2061.4466177669105,325.0,800.0
2063.4474327628363,325.0,800.0
2065.448247758761,325.0,800.0
2067.449062754686,325.0,800.0
2069.449877750611,325.0,800.0
2071.4506927465363,325.0,800.0
2073.451507742461,325.0,800.0
2075.452322738386,325.0,800.0
2077.453137734311,325.0,800.0
2079.4539527302363,325.0,800.0
2081.454767726161,325.0,800.0
2083.455582722086,325.0,800.0
2085.456397718011,325.0,800.0
2087.457212713936,325.0,800.0
2089.4580277098617,325.0,800.0
2091.4588427057865,325.0,800.0
2093.4596577017114,325.0,800.0
2095.4604726976363,325.0,800.0
2097.4612876935616,325.0,800.0
2099.4621026894865,325.0,800.0
2101.4629176854114,325.0,800.0
2103.4637326813363,325.0,800.0
2105.4645476772616,325.0,800.0
2107.4653626731865,325.0,800.0
2109.4661776691114,325.0,800.0
2111.4669926650363,325.0,800.0
2113.467807660961,325.0,800.0
2115.4686226568865,325.0,800.0
2117.4694376528114,325.0,800.0
2119.4702526487363,325.0,800.0
2121.471067644661,325.0,800.0
2123.471882640587,325.0,800.0
2125.472697636512,325.0,800.0
2127.4735126324367,325.0,800.0
2129.4743276283616,325.0,800.0
2131.475142624287,325.0,800.0
2133.475957620212,325.0,800.0
2135.4767726161367,325.0,800.0
2137.4775876120616,325.0,800.0
2139.4784026079865,325.0,800.0
2141.479217603912,325.0,800.0
2143.4800325998367,325.0,800.0
2145.4808475957616,325.0,800.0
2147.4816625916865,325.0,800.0
2149.4824775876123,325.0,800.0
2151.483292583537,325.0,800.0
2153.484107579462,325.0,800.0
2155.484922575387,325.0,800.0
2157.4857375713123,325.0,800.0
2159.486552567237,325.0,800.0
2161.487367563162,325.0,800.0
2163.488182559087,325.0,800.0
2165.4889975550122,325.0,800.0
2167.489812550937,325.0,800.0
2169.490627546862,325.0,800.0
2171.491442542787,325.0,800.0
2173.492257538712,325.0,800.0
2175.493072534637,325.0,800.0
2177.493887530562,325.0,800.0
2179.494702526487,325.0,800.0
2181.495517522412,325.0,800.0
2183.4963325183376,325.0,800.0
2185.4971475142625,325.0,800.0
2187.4979625101873,325.0,800.0
2189.498777506112,325.0,800.0
2191.4995925020376,325.0,800.0
2193.5004074979624,325.0,800.0
2195.5012224938873,325.0,800.0
2197.502037489812,325.0,800.0
2199.502852485737,325.0,800.0
2201.5036674816624,325.0,800.0
2203.5044824775873,325.0,800.0
2205.505297473512,325.0,800.0
2207.506112469437,325.0,800.0
2209.506927465363,325.0,800.0
2211.5077424612878,325.0,800.0
2213.5085574572126,325.0,800.0
2215.5093724531375,325.0,800.0
2217.510187449063,325.0,800.0
2219.5110024449878,325.0,800.0
2221.5118174409126,325.0,800.0
2223.5126324368375,325.0,800.0
2225.513447432763,325.0,800.0
2227.5142624286877,325.0,800.0
2229.5150774246126,325.0,800.0
2231.5158924205375,325.0,800.0
2233.5167074164624,325.0,800.0
2235.5175224123877,325.0,800.0
2237.5183374083126,325.0,800.0
2239.5191524042375,325.0,800.0
2241.5199674001624,325.0,800.0
2243.520782396088,325.0,800.0
2245.521597392013,325.0,800.0
2247.522412387938,325.0,800.0
2249.523227383863,325.0,800.0
2251.524042379788,325.0,800.0
2253.524857375713,325.0,800.0
2255.525672371638,325.0,800.0
2257.526487367563,325.0,800.0
2259.5273023634877,325.0,800.0
2261.528117359413,325.0,800.0
2263.528932355338,325.0,800.0
2265.529747351263,325.0,800.0
2267.5305623471877,325.0,800.0
2269.5313773431135,325.0,800.0
2271.5321923390384,325.0,800.0
2273.5330073349633,325.0,800.0
2275.533822330888,325.0,800.0
2277.5346373268135,325.0,800.0
2279.5354523227384,325.0,800.0
2281.5362673186632,325.0,800.0
2283.537082314588,325.0,800.0
2285.5378973105135,325.0,800.0
2287.5387123064384,325.0,800.0
2289.5395273023632,325.0,800.0
2291.540342298288,325.0,800.0
2293.541157294213,325.0,800.0
2295.5419722901383,325.0,800.0
2297.5427872860632,325.0,800.0
2299.543602281988,325.0,800.0
2301.5444172779135,325.0,800.0
2303.545232273839,325.0,800.0
2305.5460472697637,325.0,800.0
2307.5468622656886,325.0,800.0
2309.5476772616134,325.0,800.0
2311.548492257539,325.0,800.0
2313.5493072534637,325.0,800.0
2315.5501222493886,325.0,800.0
2317.5509372453134,325.0,800.0
2319.5517522412383,325.0,800.0
2321.5525672371637,325.0,800.0
2323.5533822330885,325.0,800.0
2325.5541972290134,325.0,800.0
2327.5550122249383,325.0,800.0
2329.555827220864,325.0,800.0
2331.556642216789,325.0,800.0
2333.557457212714,325.0,800.0
2335.5582722086388,325.0,800.0
2337.559087204564,325.0,800.0
2339.559902200489,325.0,800.0
2341.560717196414,325.0,800.0
2343.5615321923387,325.0,800.0
2345.5623471882636,325.0,800.0
2347.563162184189,325.0,800.0
2349.563977180114,325.0,800.0
2351.5647921760387,325.0,800.0
2353.5656071719636,325.0,800.0
2355.566422167889,325.0,800.0
2357.567237163814,325.0,800.0
2359.5680521597387,325.0,800.0
2361.568867155664,325.0,800.0
2363.5696821515894,325.0,800.0
2365.5704971475143,325.0,800.0
2367.571312143439,325.0,800.0
2369.572127139364,325.0,800.0
2371.5729421352894,325.0,800.0
2373.5737571312143,325.0,800.0
2375.574572127139,325.0,800.0
2377.575387123064,325.0,800.0
2379.576202118989,325.0,800.0
2381.5770171149143,325.0,800.0
2383.577832110839,325.0,800.0
2385.578647106764,325.0,800.0
2387.579462102689,325.0,800.0
2389.5802770986147,325.0,800.0
2391.5810920945396,325.0,800.0
2393.5819070904645,325.0,800.0
2395.5827220863894,325.0,800.0
2397.5835370823147,325.0,800.0
2399.5843520782396,325.0,800.0
2401.5851670741645,325.0,800.0
2403.5859820700894,325.0,800.0
2405.5867970660142,325.0,800.0
2407.5876120619396,325.0,800.0
2409.5884270578645,325.0,800.0
2411.5892420537893,325.0,800.0
2413.5900570497142,325.0,800.0
2415.5908720456396,325.0,800.0
2417.5916870415645,325.0,800.0
2419.5925020374893,325.0,800.0
2421.5933170334147,325.0,800.0
2423.59413202934,325.0,800.0
2425.594947025265,325.0,800.0
2427.59576202119,325.0,800.0
2429.5965770171147,325.0,800.0
2431.59739201304,325.0,800.0
2433.598207008965,325.0,800.0
2435.59902200489,325.0,800.0
2437.5998370008147,325.0,800.0
2439.6006519967395,325.0,800.0
2441.601466992665,325.0,800.0
2443.6022819885898,325.0,800.0
2445.6030969845147,325.0,800.0
2447.6039119804395,325.0,800.0
2449.6047269763653,325.0,800.0
2451.60554197229,325.0,800.0
2453.606356968215,325.0,800.0
2455.60717196414,325.0,800.0
2457.6079869600653,325.0,800.0
2459.60880195599,325.0,800.0
2461.609616951915,325.0,800.0
2463.61043194784,325.0,800.0
2465.611246943765,325.0,800.0
2467.61206193969,325.0,800.0
2469.612876935615,325.0,800.0
2471.61369193154,325.0,800.0
2473.614506927465,325.0,800.0
2475.61532192339,325.0,800.0
2477.616136919315,325.0,800.0
2479.6169519152404,325.0,800.0
2481.6177669111653,325.0,800.0
2483.6185819070906,325.0,800.0
2485.6193969030155,325.0,800.0
2487.6202118989404,325.0,800.0
2489.6210268948653,325.0,800.0
2491.62184189079,325.0,800.0
2493.6226568867155,325.0,800.0
2495.6234718826404,325.0,800.0
2497.6242868785653,325.0,800.0
2499.62510187449,325.0,800.0
2501.6259168704155,325.0,800.0
2503.6267318663404,325.0,800.0
2505.6275468622653,325.0,800.0
2507.62836185819,325.0,800.0
2509.629176854116,325.0,800.0
2511.629991850041,325.0,800.0
2513.6308068459657,325.0,800.0
2515.6316218418906,325.0,800.0
2517.632436837816,325.0,800.0
2519.633251833741,325.0,800.0
2521.6340668296657,325.0,800.0
2523.6348818255906,325.0,800.0
2525.6356968215155,325.0,800.0
2527.636511817441,325.0,800.0
2529.6373268133657,325.0,800.0
2531.6381418092906,325.0,800.0
2533.6389568052155,325.0,800.0
2535.639771801141,325.0,800.0
2537.6405867970657,325.0,800.0
2539.641401792991,325.0,800.0
2541.642216788916,325.0,800.0
2543.6430317848412,325.0,800.0
2545.643846780766,325.0,800.0
2547.644661776691,325.0,800.0
2549.645476772616,325.0,800.0
2551.646291768541,325.0,800.0
2553.647106764466,325.0,800.0
2555.647921760391,325.0,800.0
2557.648736756316,325.0,800.0
2559.6495517522408,325.0,800.0
2561.650366748166,325.0,800.0
2563.651181744091,325.0,800.0
2565.651996740016,325.0,800.0
2567.6528117359408,325.0,800.0
2569.6536267318666,325.0,800.0
2571.6544417277914,325.0,800.0
2573.6552567237163,325.0,800.0
2575.656071719641,325.0,800.0
2577.6568867155665,325.0,800.0
2579.6577017114914,325.0,800.0
2581.6585167074163,325.0,800.0
2583.659331703341,325.0,800.0
2585.660146699266,325.0,800.0
2587.6609616951914,325.0,800.0
2589.6617766911163,325.0,800.0
2591.662591687041,325.0,800.0
2593.663406682966,325.0,800.0
2595.6642216788914,325.0,800.0
2597.6650366748163,325.0,800.0
2599.6658516707416,325.0,800.0
2601.6666666666665,325.0,800.0
2603.667481662592,325.0,800.0
2605.6682966585167,325.0,800.0
2607.6691116544416,325.0,800.0
2609.6699266503665,325.0,800.0
2611.6707416462914,325.0,800.0
2613.671556642217,325.0,800.0
2615.672371638142,325.0,800.0
2617.673186634067,325.0,800.0
2619.674001629992,325.0,800.0
2621.6748166259167,325.0,800.0
2623.6756316218416,325.0,800.0
2625.6764466177665,325.0,800.0
2627.6772616136914,325.0,800.0
2629.678076609617,325.0,800.0
2631.678891605542,325.0,800.0
2633.679706601467,325.0,800.0
2635.680521597392,325.0,800.0
2637.6813365933167,325.0,800.0
2639.6821515892416,325.0,800.0
2641.6829665851665,325.0,800.0
2643.6837815810914,325.0,800.0
2645.6845965770162,325.0,800.0
2647.685411572942,325.0,800.0
2649.686226568867,325.0,800.0
2651.687041564792,325.0,800.0
2653.6878565607167,325.0,800.0
2655.6886715566425,325.0,800.0
2657.6894865525674,325.0,800.0
2659.6903015484922,325.0,800.0
2661.691116544417,325.0,800.0
2663.691931540342,325.0,800.0
2665.692746536267,325.0,800.0
2667.693561532192,325.0,800.0
2669.6943765281167,325.0,800.0
2671.6951915240415,325.0,800.0
2673.6960065199673,325.0,800.0
2675.696821515892,325.0,800.0
2677.697636511817,325.0,800.0
2679.698451507742,325.0,800.0
2681.699266503668,325.0,800.0
2683.7000814995927,325.0,800.0
2685.7008964955176,325.0,800.0
2687.7017114914424,325.0,800.0
2689.7025264873673,325.0,800.0
2691.703341483292,325.0,800.0
2693.704156479217,325.0,800.0
2695.704971475142,325.0,800.0
2697.705786471067,325.0,800.0
2699.7066014669927,325.0,800.0
2701.7074164629175,325.0,800.0
2703.7082314588424,325.0,800.0
2705.7090464547673,325.0,800.0
2707.709861450693,325.0,800.0
2709.710676446618,325.0,800.0
2711.711491442543,325.0,800.0
2713.7123064384677,325.0,800.0
2715.7131214343926,325.0,800.0
2717.7139364303175,325.0,800.0
2719.7147514262424,325.0,800.0
2721.7155664221673,325.0,800.0
2723.716381418093,325.0,800.0
2725.717196414018,325.0,800.0
2727.718011409943,325.0,800.0
2729.7188264058677,325.0,800.0
2731.7196414017926,325.0,800.0
2733.7204563977184,325.0,800.0
2735.7212713936433,325.0,800.0
2737.722086389568,325.0,800.0
2739.722901385493,325.0,800.0
2741.723716381418,325.0,800.0
2743.724531377343,325.0,800.0
2745.7253463732677,325.0,800.0
2747.7261613691926,325.0,800.0
2749.7269763651184,325.0,800.0
2751.7277913610433,325.0,800.0
2753.728606356968,325.0,800.0
2755.729421352893,325.0,800.0
2757.730236348818,325.0,800.0
2759.731051344743,325.0,800.0
2761.7318663406677,325.0,800.0
2763.7326813365926,325.0,800.0
2765.7334963325175,325.0,800.0
2767.7343113284433,325.0,800.0
2769.735126324368,325.0,800.0
2771.735941320293,325.0,800.0
2773.736756316218,325.0,800.0
2775.7375713121437,325.0,800.0
2777.7383863080686,325.0,800.0
2779.7392013039935,325.0,800.0
2781.7400162999184,325.0,800.0
2783.7408312958432,325.0,800.0
2785.741646291768,325.0,800.0
2787.742461287693,325.0,800.0
2789.743276283618,325.0,800.0
2791.7440912795428,325.0,800.0
2793.7449062754686,325.0,800.0
2795.7457212713934,325.0,800.0
2797.7465362673183,325.0,800.0
2799.747351263243,325.0,800.0
2801.748166259169,325.0,800.0
2803.748981255094,325.0,800.0
2805.749796251019,325.0,800.0
2807.7506112469437,325.0,800.0
2809.7514262428685,325.0,800.0
2811.7522412387934,325.0,800.0
2813.7530562347183,325.0,800.0
2815.753871230643,325.0,800.0
2817.754686226568,325.0,800.0
2819.755501222494,325.0,800.0
2821.7563162184188,325.0,800.0
2823.7571312143436,325.0,800.0
2825.7579462102685,325.0,800.0
2827.7587612061943,325.0,800.0
2829.759576202119,325.0,800.0
2831.760391198044,325.0,800.0
2833.761206193969,325.0,800.0
2835.762021189894,325.0,800.0
2837.7628361858187,325.0,800.0
2839.7636511817436,325.0,800.0
2841.7644661776685,325.0,800.0
2843.7652811735934,325.0,800.0
2845.766096169519,325.0,800.0
2847.766911165444,325.0,800.0
2849.767726161369,325.0,800.0
2851.768541157294,325.0,800.0
2853.7693561532196,325.0,800.0
2855.7701711491445,325.0,800.0
2857.7709861450694,325.0,800.0
2859.7718011409943,325.0,800.0
2861.772616136919,325.0,800.0
2863.773431132844,325.0,800.0
2865.774246128769,325.0,800.0
2867.775061124694,325.0,800.0
2869.7758761206196,325.0,800.0
2871.7766911165445,325.0,800.0
2873.7775061124694,325.0,800.0
2875.7783211083943,325.0,800.0
2877.779136104319,325.0,800.0
2879.779951100244,325.0,800.0
2881.780766096169,325.0,800.0
2883.781581092094,325.0,800.0
2885.7823960880196,325.0,800.0
2887.7832110839445,325.0,800.0
2889.7840260798694,325.0,800.0
2891.7848410757942,325.0,800.0
2893.785656071719,325.0,800.0
2895.786471067645,325.0,800.0
2897.78728606357,325.0,800.0
2899.7881010594947,325.0,800.0
2901.7889160554196,325.0,800.0
2903.7897310513445,325.0,800.0
2905.7905460472693,325.0,800.0
2907.7913610431942,325.0,800.0
2909.792176039119,325.0,800.0
2911.792991035044,325.0,800.0
2913.79380603097,325.0,800.0
2915.7946210268947,325.0,800.0
2917.7954360228196,325.0,800.0
2919.7962510187444,325.0,800.0
2921.7970660146702,325.0,800.0
2923.797881010595,325.0,800.0
2925.79869600652,325.0,800.0
2927.799511002445,325.0,800.0
2929.8003259983698,325.0,800.0
2931.8011409942947,325.0,800.0
2933.8019559902195,325.0,800.0
2935.8027709861444,325.0,800.0
2937.8035859820693,325.0,800.0
2939.804400977995,325.0,800.0
2941.80521597392,325.0,800.0
2943.806030969845,325.0,800.0
2945.8068459657698,325.0,800.0
2947.8076609616955,325.0,800.0
2949.8084759576204,325.0,800.0
2951.8092909535453,325.0,800.0
2953.81010594947,325.0,800.0
2955.810920945395,325.0,800.0
2957.81173594132,325.0,800.0
2959.812550937245,325.0,800.0
2961.8133659331697,325.0,800.0
2963.8141809290946,325.0,800.0
2965.8149959250204,325.0,800.0
2967.8158109209453,325.0,800.0
2969.81662591687,325.0,800.0
2971.817440912795,325.0,800.0
2973.818255908721,325.0,800.0
2975.8190709046457,325.0,800.0
2977.8198859005706,325.0,800.0
2979.8207008964955,325.0,800.0
2981.8215158924204,325.0,800.0
2983.8223308883453,325.0,800.0
2985.82314588427,325.0,800.0
2987.823960880195,325.0,800.0
2989.82477587612,325.0,800.0
2991.8255908720457,325.0,800.0
2993.8264058679706,325.0,800.0
2995.8272208638955,325.0,800.0
2997.8280358598204,325.0,800.0
2999.8288508557453,325.0,800.0
3001.82966585167,325.0,800.0
3003.830480847595,325.0,800.0
3005.831295843521,325.0,800.0
3007.8321108394457,325.0,800.0
3009.8329258353706,325.0,800.0
3011.8337408312955,325.0,800.0
3013.8345558272204,325.0,800.0
3015.835370823146,325.0,800.0
3017.836185819071,325.0,800.0
3019.837000814996,325.0,800.0
3021.837815810921,325.0,800.0
3023.8386308068457,325.0,800.0
3025.8394458027706,325.0,800.0
3027.8402607986955,325.0,800.0
3029.8410757946203,325.0,800.0
3031.841890790545,325.0,800.0
3033.842705786471,325.0,800.0
3035.843520782396,325.0,800.0
3037.844335778321,325.0,800.0
3039.8451507742457,325.0,800.0
3041.8459657701715,325.0,800.0
3043.8467807660963,325.0,800.0
3045.8475957620212,325.0,800.0
3047.848410757946,325.0,800.0
3049.849225753871,325.0,800.0
3051.850040749796,325.0,800.0
3053.8508557457208,325.0,800.0
3055.8516707416456,325.0,800.0
3057.8524857375705,325.0,800.0
3059.8533007334963,325.0,800.0
3061.854115729421,325.0,800.0
3063.854930725346,325.0,800.0
3065.855745721271,325.0,800.0
3067.8565607171968,325.0,800.0
3069.8573757131217,325.0,800.0
3071.8581907090465,325.0,800.0
3073.8590057049714,325.0,800.0
3075.8598207008963,325.0,800.0
3077.860635696821,325.0,800.0
3079.861450692746,325.0,800.0
3081.862265688671,325.0,800.0
3083.863080684596,325.0,800.0
3085.8638956805216,325.0,800.0
3087.8647106764465,325.0,800.0
3089.8655256723714,325.0,800.0
3091.8663406682963,325.0,800.0
3093.867155664222,325.0,800.0
3095.867970660147,325.0,800.0
3097.868785656072,325.0,800.0
3099.8696006519967,325.0,800.0
3101.8704156479216,325.0,800.0
3103.8712306438465,325.0,800.0
3105.8720456397714,325.0,800.0
3107.8728606356963,325.0,800.0
3109.873675631621,325.0,800.0
3111.874490627547,325.0,800.0
3113.875305623472,325.0,800.0
3115.8761206193967,325.0,800.0
3117.8769356153216,325.0,800.0
3119.8777506112465,325.0,800.0
3121.8785656071714,325.0,800.0
3123.879380603097,325.0,800.0
3125.880195599022,325.0,800.0
3127.881010594947,325.0,800.0
3129.881825590872,325.0,800.0
3131.8826405867967,325.0,800.0
3133.8834555827216,325.0,800.0
3135.8842705786465,325.0,800.0
3137.8850855745723,325.0,800.0
3139.885900570497,325.0,800.0
3141.886715566422,325.0,800.0
3143.887530562347,325.0,800.0
3145.888345558272,325.0,800.0
3147.8891605541967,325.0,800.0
3149.8899755501216,325.0,800.0
3151.8907905460464,325.0,800.0
3153.8916055419722,325.0,800.0
3155.892420537897,325.0,800.0
3157.893235533822,325.0,800.0
3159.894050529747,325.0,800.0
3161.8948655256727,325.0,800.0
3163.8956805215976,325.0,800.0
3165.8964955175225,325.0,800.0
3167.8973105134473,325.0,800.0
3169.898125509372,325.0,800.0
3171.898940505297,325.0,800.0
3173.899755501222,325.0,800.0
3175.900570497147,325.0,800.0
3177.9013854930718,325.0,800.0
3179.9022004889976,325.0,800.0
3181.9030154849224,325.0,800.0
3183.9038304808473,325.0,800.0
3185.904645476772,325.0,800.0
3187.905460472698,325.0,800.0
3189.906275468623,325.0,800.0
3191.9070904645478,325.0,800.0
3193.9079054604726,325.0,800.0
3195.9087204563975,325.0,800.0
3197.9095354523224,325.0,800.0
3199.9103504482473,325.0,800.0
3201.911165444172,325.0,800.0
3203.911980440097,325.0,800.0
3205.912795436023,325.0,800.0
3207.9136104319477,325.0,800.0
3209.9144254278726,325.0,800.0
3211.9152404237975,325.0,800.0
3213.9160554197233,325.0,800.0
3215.916870415648,325.0,800.0
3217.917685411573,325.0,800.0
3219.918500407498,325.0,800.0
3221.919315403423,325.0,800.0
3223.9201303993477,325.0,800.0
3225.9209453952726,325.0,800.0
3227.9217603911975,325.0,800.0
3229.9225753871224,325.0,800.0
3231.923390383048,325.0,800.0
3233.924205378973,325.0,800.0
3235.925020374898,325.0,800.0
3237.925835370823,325.0,800.0
3239.9266503667477,325.0,800.0
3241.9274653626735,325.0,800.0
3243.9282803585984,325.0,800.0
3245.9290953545233,325.0,800.0
3247.929910350448,325.0,800.0
3249.930725346373,325.0,800.0
3251.931540342298,325.0,800.0
3253.932355338223,325.0,800.0
3255.9331703341477,325.0,800.0
3257.9339853300735,325.0,800.0
3259.9348003259984,325.0,800.0
3261.9356153219233,325.0,800.0
3263.936430317848,325.0,800.0
3265.937245313773,325.0,800.0
3267.938060309698,325.0,800.0
3269.938875305623,325.0,800.0
3271.9396903015477,325.0,800.0
3273.9405052974735,325.0,800.0
3275.9413202933983,325.0,800.0
3277.9421352893232,325.0,800.0
3279.942950285248,325.0,800.0
3281.943765281173,325.0,800.0
3283.944580277099,325.0,800.0
3285.9453952730237,325.0,800.0
3287.9462102689486,325.0,800.0
3289.9470252648734,325.0,800.0
3291.9478402607983,325.0,800.0
3293.948655256723,325.0,800.0
3295.949470252648,325.0,800.0
3297.950285248573,325.0,800.0
3299.951100244499,325.0,800.0
3301.9519152404237,325.0,800.0
3303.9527302363485,325.0,800.0
3305.9535452322734,325.0,800.0
3307.954360228199,325.0,800.0
3309.955175224124,325.0,800.0
3311.955990220049,325.0,800.0
3313.956805215974,325.0,800.0
3315.9576202118988,325.0,800.0
3317.9584352078236,325.0,800.0
3319.9592502037485,325.0,800.0
3321.9600651996734,325.0,800.0
3323.9608801955983,325.0,800.0
3325.961695191524,325.0,800.0
3327.962510187449,325.0,800.0
3329.963325183374,325.0,800.0
3331.9641401792987,325.0,800.0
3333.9649551752245,325.0,800.0
3335.9657701711494,325.0,800.0
3337.9665851670743,325.0,800.0
3339.967400162999,325.0,800.0
3341.968215158924,325.0,800.0
3343.969030154849,325.0,800.0
3345.969845150774,325.0,800.0
3347.9706601466987,325.0,800.0
3349.9714751426236,325.0,800.0
3351.9722901385494,325.0,800.0
3353.9731051344743,325.0,800.0
3355.973920130399,325.0,800.0
3357.974735126324,325.0,800.0
3359.975550122249,325.0,800.0
3361.9763651181747,325.0,800.0
3363.9771801140996,325.0,800.0
3365.9779951100245,325.0,800.0
3367.9788101059494,325.0,800.0
3369.9796251018743,325.0,800.0
3371.980440097799,325.0,800.0
3373.981255093724,325.0,800.0
3375.982070089649,325.0,800.0
3377.9828850855747,325.0,800.0
3379.9837000814996,325.0,800.0
3381.9845150774245,325.0,800.0
3383.9853300733494,325.0,800.0
3385.9861450692742,325.0,800.0
3387.986960065199,325.0,800.0
3389.987775061124,325.0,800.0
3391.988590057049,325.0,800.0
3393.9894050529747,325.0,800.0
3395.9902200488996,325.0,800.0
3397.9910350448245,325.0,800.0
3399.9918500407493,325.0,800.0
3401.992665036674,325.0,800.0
3403.9934800326,325.0,800.0
3405.994295028525,325.0,800.0
3407.99511002445,325.0,800.0
3409.9959250203747,325.0,800.0
3411.9967400162996,325.0,800.0
3413.9975550122244,325.0,800.0
3415.9983700081493,325.0,800.0
3417.999185004074,325.0,800.0
3420.0,325.0,800.0
3420.0,325.0,800.0
3420.0,323.5275229357798,798.6238532110092
3420.0,322.0550458715596,797.2477064220184
3420.0,320.58256880733944,795.8715596330276
3420.0,319.11009174311926,794.4954128440367
3420.0,317.63761467889907,793.1192660550458
3420.0,316.1651376146789,791.743119266055
3420.0,314.6926605504587,790.3669724770642
3420.0,313.2201834862385,788.9908256880734
3420.0,311.7477064220183,787.6146788990826
3420.0,310.27522935779814,786.2385321100918
3420.0,308.802752293578,784.8623853211009
3420.0,307.3302752293578,783.4862385321101
3420.0,305.85779816513764,782.1100917431193
3420.0,304.38532110091745,780.7339449541284
3420.0,302.91284403669727,779.3577981651376
3420.0,301.4403669724771,777.9816513761468
3420.0,299.9678899082569,776.605504587156
3420.0,298.4954128440367,775.2293577981651
3420.0,297.0229357798165,773.8532110091743
3420.0,295.55045871559633,772.4770642201835
3420.0,294.07798165137615,771.1009174311927
3420.0,292.60550458715596,769.7247706422019
3420.0,291.1330275229358,768.348623853211
3420.0,289.6605504587156,766.9724770642201
3420.0,288.1880733944954,765.5963302752293
3420.0,286.7155963302752,764.2201834862385
3420.0,285.24311926605503,762.8440366972477
3420.0,283.77064220183485,761.4678899082569
3420.0,282.29816513761466,760.0917431192661
3420.0,280.8256880733945,758.7155963302753
3420.0,279.3532110091743,757.3394495412844
3420.0,277.8807339449541,755.9633027522935
3420.0,276.4082568807339,754.5871559633027
3420.0,274.9357798165138,753.2110091743119
3420.0,273.46330275229354,751.8348623853211
3420.0,271.9908256880734,750.4587155963303
3420.0,270.5183486238532,749.0825688073395
3420.0,269.04587155963304,747.7064220183486
3420.0,267.57339449541286,746.3302752293578
3420.0,266.10091743119267,744.954128440367
3420.0,264.6284403669725,743.5779816513761
3420.0,263.1559633027523,742.2018348623853
3420.0,261.6834862385321,740.8256880733945
3420.0,260.2110091743119,739.4495412844037
3420.0,258.73853211009174,738.0733944954128
3420.0,257.26605504587155,736.697247706422
3420.0,255.79357798165137,735.3211009174312
3420.0,254.32110091743118,733.9449541284404
3420.0,252.848623853211,732.5688073394496
3420.0,251.3761467889908,731.1926605504588
3420.0,249.90366972477062,729.8165137614678
3420.0,248.43119266055044,728.440366972477
3420.0,246.95871559633025,727.0642201834862
3420.0,245.4862385321101,725.6880733944954
3420.0,244.01376146788988,724.3119266055046
3420.0,242.54128440366972,722.9357798165138
3420.0,241.06880733944956,721.559633027523
3420.0,239.59633027522935,720.1834862385322
3420.0,238.12385321100916,718.8073394495412
3420.0,236.651376146789,717.4311926605504
3420.0,235.17889908256882,716.0550458715596
3420.0,233.70642201834863,714.6788990825688
3420.0,232.23394495412845,713.302752293578
3420.0,230.76146788990826,711.9266055045871
3420.0,229.28899082568807,710.5504587155963
3420.0,227.8165137614679,709.1743119266055
3420.0,226.3440366972477,707.7981651376147
3420.0,224.87155963302752,706.4220183486239
3420.0,223.39908256880733,705.045871559633
3420.0,221.92660550458714,703.6697247706422
3420.0,220.45412844036696,702.2935779816514
3420.0,218.98165137614677,700.9174311926605
3420.0,217.5091743119266,699.5412844036697
3420.0,216.0366972477064,698.1651376146789
3420.0,214.5642201834862,696.7889908256881
3420.0,213.09174311926606,695.4128440366973
3420.0,211.61926605504587,694.0366972477065
3420.0,210.14678899082568,692.6605504587155
3420.0,208.67431192660547,691.2844036697247
3420.0,207.2018348623853,689.9082568807339
3420.0,205.72935779816515,688.5321100917431
3420.0,204.25688073394497,687.1559633027523
3420.0,202.78440366972475,685.7798165137615
3420.0,201.3119266055046,684.4036697247707
3420.0,199.8394495412844,683.0275229357799
3420.0,198.36697247706422,681.651376146789
3420.0,196.894495412844,680.2752293577981
3420.0,195.42201834862385,678.8990825688073
3420.0,193.94954128440367,677.5229357798165
3420.0,192.47706422018348,676.1467889908257
3420.0,191.0045871559633,674.7706422018348
3420.0,189.5321100917431,673.394495412844
3420.0,188.05963302752295,672.0183486238532
3420.0,186.58715596330273,670.6422018348624
3420.0,185.11467889908255,669.2660550458716
3420.0,183.6422018348624,667.8899082568807
3420.0,182.1697247706422,666.5137614678899
3420.0,180.69724770642202,665.1376146788991
3420.0,179.2247706422018,663.7614678899082
3420.0,177.75229357798165,662.3853211009174
3420.0,176.27981651376146,661.0091743119266
3420.0,174.80733944954127,659.6330275229358
3420.0,173.3348623853211,658.256880733945
3420.0,171.8623853211009,656.8807339449542
3420.0,170.38990825688074,655.5045871559632
3420.0,168.91743119266053,654.1284403669724
3420.0,167.44495412844034,652.7522935779816
3420.0,165.9724770642202,651.3761467889908
3420.0,164.5,650.0
3420.0,163.02752293577979,648.6238532110092
3420.0,161.55504587155963,647.2477064220184
3420.0,160.08256880733944,645.8715596330276
3420.0,158.61009174311926,644.4954128440368
3420.0,157.1376146788991,643.1192660550458
3420.0,155.66513761467888,641.743119266055
3420.0,154.1926605504587,640.3669724770642
3420.0,152.72018348623854,638.9908256880734
3420.0,151.24770642201833,637.6146788990825
3420.0,149.77522935779814,636.2385321100917
3420.0,148.30275229357798,634.8623853211009
3420.0,146.8302752293578,633.4862385321101
3420.0,145.3577981651376,632.1100917431193
3420.0,143.88532110091742,630.7339449541284
3420.0,142.41284403669724,629.3577981651376
3420.0,140.94036697247705,627.9816513761468
3420.0,139.46788990825686,626.6055045871559
3420.0,137.99541284403668,625.2293577981651
3420.0,136.5229357798165,623.8532110091743
3420.0,135.05045871559633,622.4770642201835
3420.0,133.57798165137615,621.1009174311927
3420.0,132.10550458715593,619.7247706422017
3420.0,130.63302752293578,618.3486238532109
3420.0,129.1605504587156,616.9724770642201
3420.0,127.68807339449538,615.5963302752293
3420.0,126.21559633027522,614.2201834862385
3420.0,124.74311926605503,612.8440366972477
3420.0,123.27064220183485,611.4678899082569
3420.0,121.79816513761469,610.0917431192661
3420.0,120.32568807339447,608.7155963302753
3420.0,118.85321100917429,607.3394495412844
3420.0,117.38073394495413,605.9633027522935
3420.0,115.90825688073392,604.5871559633027
3420.0,114.43577981651373,603.2110091743119
3420.0,112.96330275229357,601.8348623853211
3420.0,111.49082568807339,600.4587155963303
3420.0,110.01834862385323,599.0825688073394
3420.0,108.54587155963301,597.7064220183486
3420.0,107.07339449541283,596.3302752293578
3420.0,105.60091743119267,594.954128440367
3420.0,104.12844036697246,593.5779816513761
3420.0,102.65596330275227,592.2018348623853
3420.0,101.18348623853211,590.8256880733945
3420.0,99.71100917431193,589.4495412844037
3420.0,98.23853211009174,588.0733944954129
3420.0,96.76605504587152,586.697247706422
3420.0,95.29357798165137,585.3211009174312
3420.0,93.82110091743118,583.9449541284404
3420.0,92.34862385321097,582.5688073394494
3420.0,90.87614678899081,581.1926605504586
3420.0,89.40366972477062,579.8165137614678
3420.0,87.93119266055047,578.440366972477
3420.0,86.45871559633028,577.0642201834862
3420.0,84.98623853211006,575.6880733944954
3420.0,83.5137614678899,574.3119266055046
3420.0,82.04128440366972,572.9357798165138
3420.0,80.5688073394495,571.559633027523
3420.0,79.09633027522935,570.183486238532
3420.0,77.62385321100916,568.8073394495412
3420.0,76.15137614678898,567.4311926605504
3420.0,74.67889908256882,566.0550458715596
3420.0,73.2064220183486,564.6788990825688
3420.0,71.73394495412842,563.302752293578
3420.0,70.26146788990826,561.9266055045871
3420.0,68.78899082568802,560.5504587155963
3420.0,67.31651376146789,559.1743119266055
3420.0,65.8440366972477,557.7981651376147
3420.0,64.37155963302752,556.4220183486239
3420.0,62.89908256880733,555.045871559633
3420.0,61.426605504587144,553.6697247706422
3420.0,59.95412844036696,552.2935779816514
3420.0,58.48165137614677,550.9174311926606
3420.0,57.009174311926586,549.5412844036697
3420.0,55.5366972477064,548.1651376146789
3420.0,54.06422018348621,546.7889908256881
3420.0,52.59174311926603,545.4128440366973
3420.0,51.1192660550459,544.0366972477065
3420.0,49.646788990825655,542.6605504587155
3420.0,48.17431192660547,541.2844036697247
3420.0,46.70183486238534,539.9082568807339
3420.0,45.2293577981651,538.5321100917431
3420.0,43.75688073394491,537.1559633027523
3420.0,42.28440366972478,535.7798165137615
3420.0,40.811926605504595,534.4036697247707
3420.0,39.33944954128441,533.0275229357799
3420.0,37.86697247706422,531.651376146789
3420.0,36.39449541284404,530.2752293577981
3420.0,34.92201834862385,528.8990825688073
3420.0,33.44954128440361,527.5229357798164
3420.0,31.97706422018348,526.1467889908256
3420.0,30.504587155963293,524.7706422018348
3420.0,29.032110091743107,523.394495412844
3420.0,27.55963302752292,522.0183486238532
3420.0,26.087155963302735,520.6422018348624
3420.0,24.61467889908255,519.2660550458716
3420.0,23.142201834862362,517.8899082568807
3420.0,21.669724770642176,516.5137614678899
3420.0,20.19724770642199,515.1376146788991
3420.0,18.724770642201804,513.7614678899083
3420.0,17.252293577981618,512.3853211009175
3420.0,15.779816513761489,511.0091743119266
3420.0,14.307339449541246,509.6330275229358
3420.0,12.83486238532106,508.2568807339449
3420.0,11.36238532110093,506.8807339449541
3420.0,9.889908256880688,505.5045871559633
3420.0,8.417431192660501,504.1284403669724
3420.0,6.944954128440372,502.7522935779816
3420.0,5.472477064220186,501.3761467889908
3420.0,4.0,500.0
